age,workclass,fnlwgt,education,education.num,marital.status,occupation,relationship,race,sex,capital.gain,capital.loss,hours.per.week,native.country,income
,,77053.0,HS-grad,9.0,,,,White,Female,0.0,4356.0,40.0,United-States,<=50K
82.0,Private,132870.0,HS-grad,,Widowed,,,White,Female,0.0,4356.0,18.0,United-States,<=50K
66.0,?,186061.0,Some-college,10.0,Widowed,?,Unmarried,Black,Female,0.0,4356.0,40.0,United-States,<=50K
54.0,Private,140359.0,7th-8th,4.0,Divorced,Machine-op-inspct,,White,,0.0,3900.0,,United-States,<=50K
41.0,Private,,Some-college,10.0,Separated,Prof-specialty,Own-child,,,0.0,3900.0,40.0,United-States,<=50K
34.0,,,,9.0,Divorced,,Unmarried,White,Female,0.0,,45.0,United-States,<=50K
38.0,Private,150601.0,10th,6.0,Separated,Adm-clerical,,White,,0.0,3770.0,40.0,,<=50K
74.0,State-gov,88638.0,,16.0,Never-married,Prof-specialty,Other-relative,White,Female,,,20.0,United-States,>50K
,Federal-gov,,HS-grad,9.0,Divorced,Prof-specialty,,White,Female,0.0,3683.0,,United-States,
41.0,Private,70037.0,Some-college,10.0,Never-married,Craft-repair,Unmarried,White,Male,0.0,3004.0,60.0,?,>50K
45.0,,,Doctorate,16.0,Divorced,,,Black,Female,0.0,3004.0,,United-States,>50K
38.0,Self-emp-not-inc,164526.0,Prof-school,,,,Not-in-family,White,,,2824.0,45.0,United-States,>50K
52.0,Private,129177.0,Bachelors,13.0,Widowed,Other-service,Not-in-family,White,Female,0.0,,,United-States,>50K
32.0,Private,136204.0,Masters,14.0,,Exec-managerial,Not-in-family,White,Male,0.0,2824.0,55.0,,>50K
51.0,,,,16.0,Never-married,?,Not-in-family,White,,0.0,2824.0,,United-States,>50K
46.0,Private,,Prof-school,,,,,,Male,0.0,2824.0,40.0,United-States,>50K
45.0,Private,172822.0,11th,7.0,Divorced,Transport-moving,Not-in-family,,Male,0.0,2824.0,76.0,United-States,>50K
57.0,Private,317847.0,Masters,14.0,Divorced,Exec-managerial,Not-in-family,,Male,0.0,,50.0,United-States,>50K
22.0,Private,119592.0,Assoc-acdm,12.0,Never-married,Handlers-cleaners,Not-in-family,Black,Male,0.0,2824.0,40.0,,
34.0,Private,203034.0,,13.0,Separated,Sales,Not-in-family,White,Male,0.0,2824.0,50.0,United-States,>50K
37.0,Private,,,,Never-married,,Not-in-family,White,Male,0.0,2824.0,40.0,United-States,>50K
29.0,Private,77009.0,11th,,,Sales,,White,Female,0.0,2754.0,,United-States,
61.0,Private,29059.0,HS-grad,9.0,,Sales,Unmarried,,Female,0.0,2754.0,,,<=50K
51.0,Private,153870.0,Some-college,10.0,,Transport-moving,,White,Male,0.0,2603.0,40.0,United-States,<=50K
61.0,?,,,9.0,Married-civ-spouse,?,Husband,,Male,,,32.0,United-States,<=50K
21.0,Private,34310.0,Assoc-voc,11.0,Married-civ-spouse,Craft-repair,Husband,White,Male,0.0,2603.0,,United-States,<=50K
33.0,Private,,1st-4th,2.0,,Craft-repair,,White,Male,0.0,,,Mexico,<=50K
49.0,Private,122066.0,5th-6th,3.0,,,Husband,White,,0.0,2603.0,,,<=50K
,Self-emp-inc,107164.0,,6.0,,Transport-moving,,White,Male,0.0,,,,
38.0,Private,175360.0,10th,6.0,Never-married,Prof-specialty,Not-in-family,White,Male,0.0,2559.0,90.0,United-States,
23.0,Private,,Some-college,10.0,Separated,Other-service,,,Male,0.0,2559.0,40.0,United-States,>50K
59.0,Self-emp-inc,,10th,6.0,Widowed,Exec-managerial,Unmarried,,,0.0,,,United-States,
52.0,Private,198863.0,Prof-school,15.0,Divorced,Exec-managerial,Not-in-family,White,Male,,2559.0,60.0,United-States,>50K
51.0,Private,123011.0,,13.0,,Exec-managerial,,White,,0.0,2559.0,50.0,United-States,
,Self-emp-not-inc,205246.0,HS-grad,9.0,Never-married,Exec-managerial,Not-in-family,Black,Male,0.0,2559.0,50.0,United-States,>50K
63.0,Federal-gov,39181.0,Doctorate,16.0,Divorced,Exec-managerial,,White,Female,0.0,,60.0,,>50K
53.0,Private,149650.0,HS-grad,9.0,Never-married,Sales,Not-in-family,White,Male,0.0,2559.0,48.0,United-States,
51.0,,197163.0,Prof-school,15.0,Never-married,,,White,Female,0.0,2559.0,50.0,United-States,>50K
37.0,Self-emp-not-inc,137527.0,,,,Prof-specialty,Not-in-family,,Female,0.0,2559.0,,United-States,>50K
,Private,161691.0,,14.0,Divorced,Prof-specialty,,White,Female,0.0,2559.0,40.0,United-States,>50K
,Private,326232.0,Bachelors,13.0,,,,White,Male,0.0,2547.0,50.0,United-States,>50K
43.0,Private,115806.0,Masters,,Divorced,Exec-managerial,Unmarried,,Female,0.0,2547.0,40.0,United-States,>50K
51.0,,115066.0,Some-college,10.0,Divorced,,,White,Female,,,40.0,United-States,>50K
43.0,Private,,Masters,14.0,,Prof-specialty,Unmarried,White,,,2547.0,40.0,United-States,>50K
,?,100820.0,HS-grad,,Married-civ-spouse,?,Husband,White,Male,0.0,2489.0,15.0,United-States,<=50K
48.0,Private,,,13.0,Married-spouse-absent,Sales,Unmarried,White,Female,0.0,,,United-States,>50K
71.0,Private,110380.0,HS-grad,9.0,Married-civ-spouse,Sales,Husband,White,,0.0,2467.0,52.0,United-States,<=50K
73.0,Self-emp-not-inc,233882.0,,9.0,Married-civ-spouse,Farming-fishing,Husband,Asian-Pac-Islander,,0.0,2457.0,40.0,Vietnam,<=50K
,?,192052.0,Some-college,10.0,Married-civ-spouse,?,Wife,White,Female,,2457.0,40.0,,<=50K
67.0,?,174995.0,Some-college,,Married-civ-spouse,?,,White,Male,,2457.0,40.0,United-States,<=50K
40.0,Self-emp-not-inc,,,15.0,Never-married,,,,Male,0.0,2444.0,45.0,United-States,>50K
50.0,Private,237729.0,HS-grad,9.0,,Sales,Not-in-family,White,Female,0.0,,72.0,United-States,>50K
,State-gov,68898.0,Assoc-voc,11.0,Divorced,Tech-support,Not-in-family,White,,0.0,2444.0,39.0,United-States,
42.0,Private,107276.0,,10.0,Never-married,Exec-managerial,,,,,2444.0,40.0,United-States,>50K
,Private,141584.0,Masters,14.0,,,,,,,2444.0,,,>50K
,,207668.0,Bachelors,13.0,Never-married,Exec-managerial,,White,,0.0,2444.0,,United-States,>50K
53.0,,,Some-college,,,,Not-in-family,White,Male,0.0,2444.0,,United-States,>50K
40.0,Local-gov,,Some-college,10.0,Never-married,Protective-serv,Not-in-family,White,,0.0,2444.0,40.0,,>50K
38.0,Private,237608.0,Bachelors,,,Sales,,,Female,0.0,2444.0,,,>50K
33.0,Private,,Assoc-voc,,Separated,Craft-repair,Not-in-family,,Male,0.0,2444.0,42.0,United-States,
,Private,,,12.0,Divorced,Craft-repair,,White,Male,0.0,2444.0,,United-States,>50K
50.0,Self-emp-inc,,11th,,Never-married,Exec-managerial,,,Male,0.0,2444.0,40.0,United-States,
,,162028.0,Some-college,10.0,Married-civ-spouse,Adm-clerical,Wife,White,Female,0.0,2415.0,6.0,United-States,>50K
,Self-emp-not-inc,,Bachelors,13.0,Married-civ-spouse,Sales,Husband,,,0.0,2415.0,40.0,China,>50K
,Private,132222.0,Prof-school,15.0,Married-civ-spouse,Prof-specialty,Husband,White,Male,0.0,2415.0,40.0,United-States,
60.0,Self-emp-inc,,Assoc-voc,11.0,Married-civ-spouse,Machine-op-inspct,Husband,White,Male,0.0,2415.0,70.0,?,
37.0,Private,329980.0,Masters,14.0,Married-civ-spouse,Exec-managerial,Husband,White,Male,0.0,2415.0,60.0,United-States,>50K
55.0,Self-emp-inc,124137.0,Prof-school,15.0,Married-civ-spouse,,Husband,White,Male,0.0,2415.0,,,>50K
39.0,Self-emp-inc,329980.0,Bachelors,13.0,,Sales,Husband,White,,0.0,,60.0,United-States,
42.0,Self-emp-inc,,,15.0,Married-civ-spouse,Prof-specialty,Husband,,Male,0.0,2415.0,60.0,United-States,
,,199029.0,Bachelors,13.0,,Sales,Husband,White,Male,0.0,2415.0,55.0,United-States,>50K
,Self-emp-not-inc,,,,Married-civ-spouse,Exec-managerial,Husband,,,0.0,2415.0,50.0,United-States,>50K
41.0,Local-gov,297248.0,,15.0,,Prof-specialty,Husband,White,Male,0.0,2415.0,45.0,,>50K
,Self-emp-inc,227856.0,Bachelors,13.0,Married-civ-spouse,Exec-managerial,Husband,,Male,0.0,2415.0,,,>50K
39.0,,179731.0,Masters,,Married-civ-spouse,Exec-managerial,Wife,White,Female,,2415.0,,United-States,>50K
,,154374.0,Bachelors,13.0,Married-civ-spouse,,Husband,White,,0.0,2415.0,60.0,United-States,>50K
41.0,?,27187.0,Assoc-voc,11.0,Married-civ-spouse,,Husband,White,Male,0.0,2415.0,12.0,United-States,
,Private,326857.0,,14.0,Married-civ-spouse,Sales,Husband,,Male,0.0,,65.0,United-States,>50K
40.0,Private,,Masters,14.0,Married-civ-spouse,Exec-managerial,Husband,White,,0.0,2415.0,45.0,United-States,
,Private,,Bachelors,,Married-civ-spouse,,Husband,White,,,2415.0,48.0,United-States,>50K
41.0,Self-emp-inc,151089.0,Some-college,10.0,Married-civ-spouse,,Husband,White,Male,0.0,2415.0,55.0,United-States,
60.0,Self-emp-inc,336188.0,Prof-school,15.0,Married-civ-spouse,,,White,,,2415.0,80.0,United-States,
31.0,Private,279015.0,Masters,14.0,,,Husband,White,Male,0.0,2415.0,70.0,Taiwan,
58.0,Self-emp-not-inc,,Some-college,10.0,Married-civ-spouse,,Husband,White,Male,0.0,2415.0,,United-States,
37.0,,30529.0,Bachelors,13.0,Married-civ-spouse,Sales,Husband,White,Male,0.0,,,,
44.0,Self-emp-not-inc,,Bachelors,13.0,Married-civ-spouse,Exec-managerial,,White,Male,0.0,2415.0,50.0,United-States,>50K
39.0,Self-emp-not-inc,218490.0,Prof-school,15.0,Married-civ-spouse,Prof-specialty,Husband,White,Male,0.0,2415.0,50.0,?,>50K
,Federal-gov,156996.0,Prof-school,15.0,Married-civ-spouse,,,,,0.0,2415.0,55.0,?,>50K
,Self-emp-inc,298449.0,Bachelors,13.0,Married-civ-spouse,Exec-managerial,,White,Male,,2415.0,,United-States,>50K
44.0,Self-emp-inc,191712.0,,14.0,Married-civ-spouse,,Husband,White,Male,0.0,2415.0,55.0,United-States,
,,198654.0,Prof-school,15.0,Married-civ-spouse,Prof-specialty,,Asian-Pac-Islander,Male,0.0,2415.0,67.0,India,>50K
46.0,Self-emp-not-inc,102308.0,Bachelors,13.0,,Sales,Husband,,Male,0.0,2415.0,40.0,United-States,
39.0,Private,,,,Married-civ-spouse,Farming-fishing,Husband,,Male,0.0,2415.0,99.0,United-States,>50K
62.0,,56248.0,Bachelors,,Married-civ-spouse,Farming-fishing,,,Male,,2415.0,60.0,United-States,>50K
31.0,Self-emp-not-inc,252752.0,HS-grad,,Married-civ-spouse,Other-service,Wife,White,Female,0.0,,,United-States,>50K
46.0,Private,192963.0,Bachelors,13.0,Married-civ-spouse,Adm-clerical,Husband,Asian-Pac-Islander,,0.0,2415.0,35.0,,>50K
46.0,,198759.0,Prof-school,15.0,Married-civ-spouse,,Husband,White,Male,0.0,2415.0,80.0,United-States,
39.0,,143123.0,Assoc-voc,,Married-civ-spouse,Craft-repair,Husband,White,,0.0,2415.0,40.0,United-States,
,Private,237713.0,Prof-school,,,Sales,Husband,White,,0.0,2415.0,99.0,United-States,
,,81929.0,Doctorate,16.0,Married-civ-spouse,Prof-specialty,Husband,,Male,0.0,,45.0,,>50K
50.0,Self-emp-inc,167793.0,,15.0,,Prof-specialty,,White,Male,0.0,2415.0,,,
,,456062.0,,16.0,,Prof-specialty,Husband,White,Male,0.0,2415.0,,United-States,>50K
,,105478.0,Bachelors,13.0,Married-civ-spouse,Exec-managerial,,White,Male,0.0,2415.0,40.0,United-States,>50K
50.0,,,,15.0,,Prof-specialty,Husband,White,,0.0,,,United-States,
41.0,Self-emp-inc,114580.0,Prof-school,,Married-civ-spouse,Exec-managerial,Wife,White,,,2415.0,55.0,,
36.0,,346478.0,Bachelors,13.0,Married-civ-spouse,Sales,Husband,,Male,,2415.0,,United-States,>50K
38.0,,187870.0,Prof-school,15.0,Married-civ-spouse,Prof-specialty,Husband,White,,0.0,2415.0,90.0,United-States,
54.0,Private,,Some-college,,Married-civ-spouse,Sales,,White,Male,0.0,,50.0,,
50.0,Private,102346.0,,13.0,Married-civ-spouse,Exec-managerial,Wife,White,Female,,2415.0,20.0,,
47.0,Private,148995.0,Bachelors,13.0,,Exec-managerial,Husband,,Male,0.0,2415.0,60.0,United-States,>50K
47.0,Self-emp-inc,102308.0,Prof-school,15.0,Married-civ-spouse,Prof-specialty,Husband,White,Male,0.0,2415.0,45.0,United-States,>50K
,,105252.0,Bachelors,13.0,,Exec-managerial,Not-in-family,White,,0.0,2392.0,40.0,United-States,>50K
67.0,Self-emp-inc,106175.0,Bachelors,,,,Husband,White,Male,0.0,2392.0,75.0,United-States,>50K
72.0,Self-emp-not-inc,52138.0,Doctorate,,Married-civ-spouse,Prof-specialty,Husband,,Male,0.0,2392.0,25.0,United-States,>50K
72.0,?,118902.0,Doctorate,16.0,Married-civ-spouse,?,Husband,White,Male,0.0,2392.0,6.0,United-States,>50K
46.0,Self-emp-inc,,,14.0,Married-civ-spouse,Exec-managerial,Husband,White,Male,0.0,,50.0,United-States,
,Self-emp-inc,188044.0,Bachelors,,Married-civ-spouse,Exec-managerial,Husband,,,0.0,2392.0,40.0,United-States,>50K
71.0,Self-emp-inc,,Bachelors,13.0,,Exec-managerial,Husband,White,Male,0.0,2392.0,60.0,United-States,>50K
83.0,Self-emp-inc,153183.0,Bachelors,,Married-civ-spouse,Exec-managerial,Husband,White,Male,0.0,2392.0,55.0,United-States,>50K
,Private,,,14.0,Married-civ-spouse,Exec-managerial,Husband,White,Male,0.0,2392.0,40.0,,>50K
,,,,,Married-civ-spouse,Adm-clerical,Husband,White,Male,0.0,2377.0,45.0,United-States,
,,235882.0,Doctorate,16.0,Married-civ-spouse,Prof-specialty,Husband,,,0.0,,,,>50K
,Self-emp-inc,158685.0,,9.0,Married-civ-spouse,Adm-clerical,,White,,0.0,2377.0,,United-States,>50K
,Private,370767.0,,9.0,Married-civ-spouse,Prof-specialty,Husband,White,Male,0.0,2377.0,60.0,United-States,<=50K
,Self-emp-not-inc,155141.0,Bachelors,13.0,Married-civ-spouse,Craft-repair,Husband,White,Male,,,12.0,United-States,>50K
27.0,,156516.0,Some-college,10.0,Married-civ-spouse,Adm-clerical,Wife,,Female,0.0,2377.0,,United-States,<=50K
,Local-gov,177305.0,Some-college,,Married-civ-spouse,Exec-managerial,,,Male,0.0,2377.0,,United-States,
23.0,Private,162945.0,HS-grad,9.0,Married-civ-spouse,Sales,,White,,0.0,,40.0,United-States,
81.0,Private,177408.0,HS-grad,9.0,,,Husband,White,,0.0,,,,>50K
66.0,Self-emp-not-inc,427422.0,Doctorate,,Married-civ-spouse,Sales,Husband,,Male,0.0,2377.0,25.0,,
71.0,Private,152307.0,HS-grad,9.0,Married-civ-spouse,,Husband,White,Male,0.0,2377.0,45.0,,>50K
,Private,218637.0,,10.0,Married-civ-spouse,Sales,Husband,,,0.0,2377.0,,United-States,>50K
68.0,State-gov,202699.0,Masters,14.0,,,Husband,White,Male,0.0,2377.0,42.0,?,>50K
65.0,?,240857.0,Bachelors,13.0,Married-civ-spouse,?,,White,,0.0,2377.0,40.0,,
52.0,Private,222405.0,HS-grad,9.0,Married-civ-spouse,,Husband,Black,Male,0.0,,40.0,United-States,<=50K
,Self-emp-inc,110862.0,,12.0,Married-civ-spouse,Craft-repair,,White,Male,0.0,2377.0,,United-States,<=50K
68.0,?,,Bachelors,13.0,Married-civ-spouse,?,Husband,White,Male,0.0,2377.0,35.0,United-States,
21.0,Private,377931.0,,10.0,Married-civ-spouse,Exec-managerial,Husband,,,,2377.0,,United-States,
35.0,Private,192923.0,HS-grad,9.0,Married-civ-spouse,,Husband,White,,0.0,2377.0,40.0,,<=50K
70.0,Self-emp-inc,207938.0,Bachelors,13.0,Married-civ-spouse,Exec-managerial,Husband,,Male,,2377.0,50.0,,>50K
61.0,Self-emp-not-inc,,HS-grad,9.0,Married-civ-spouse,,Husband,White,Male,,2352.0,50.0,United-States,<=50K
65.0,Self-emp-inc,,HS-grad,,Married-civ-spouse,Farming-fishing,Husband,White,,0.0,2352.0,65.0,United-States,<=50K
46.0,Private,214955.0,,3.0,,Craft-repair,,White,Female,0.0,,45.0,United-States,<=50K
,Local-gov,166295.0,,13.0,Never-married,Prof-specialty,Not-in-family,White,Male,0.0,2339.0,55.0,United-States,<=50K
59.0,,147707.0,HS-grad,9.0,Widowed,,,White,Male,,2339.0,,United-States,<=50K
61.0,Private,43554.0,,,Never-married,Handlers-cleaners,,,Male,0.0,2339.0,,,<=50K
,State-gov,358893.0,Bachelors,13.0,Divorced,Prof-specialty,Not-in-family,White,Female,0.0,2339.0,40.0,,<=50K
49.0,Self-emp-inc,141058.0,Some-college,,Divorced,Exec-managerial,Not-in-family,,Male,0.0,2339.0,50.0,United-States,
,Private,25322.0,Bachelors,13.0,Married-spouse-absent,Machine-op-inspct,Not-in-family,Asian-Pac-Islander,,0.0,2339.0,,?,<=50K
25.0,,77071.0,,13.0,,,Own-child,White,Female,0.0,2339.0,35.0,,
55.0,Private,158702.0,Some-college,10.0,Never-married,Adm-clerical,Not-in-family,,Female,0.0,2339.0,45.0,?,<=50K
59.0,,171328.0,HS-grad,,,,Other-relative,Black,,0.0,2339.0,40.0,,
28.0,State-gov,381789.0,Some-college,10.0,Separated,Exec-managerial,Own-child,White,Male,0.0,2339.0,,United-States,<=50K
,?,152569.0,Assoc-voc,11.0,,,Not-in-family,White,,,2339.0,36.0,United-States,<=50K
56.0,Self-emp-not-inc,,Masters,,Divorced,,Unmarried,White,,0.0,2339.0,60.0,United-States,<=50K
41.0,Private,162140.0,HS-grad,9.0,Divorced,Craft-repair,,White,Male,,,40.0,,
42.0,Private,191765.0,HS-grad,9.0,Never-married,,,,Female,0.0,,40.0,Trinadad&Tobago,<=50K
,Private,251905.0,Prof-school,,Never-married,,Not-in-family,White,Male,0.0,,40.0,Canada,<=50K
40.0,Self-emp-not-inc,,Prof-school,,Divorced,Other-service,Not-in-family,White,Female,,2339.0,35.0,United-States,
69.0,Private,228921.0,Bachelors,,Widowed,,Not-in-family,White,Male,0.0,2282.0,40.0,United-States,>50K
66.0,Local-gov,36364.0,HS-grad,9.0,,Craft-repair,Husband,White,Male,0.0,2267.0,,,
69.0,Private,124930.0,5th-6th,,Married-civ-spouse,Machine-op-inspct,Husband,,Male,0.0,2267.0,40.0,,
55.0,Local-gov,,Masters,,Married-civ-spouse,Prof-specialty,Wife,White,Female,,2267.0,40.0,United-States,<=50K
57.0,Federal-gov,,HS-grad,,Never-married,,Not-in-family,White,Male,0.0,2258.0,40.0,United-States,
20.0,Self-emp-not-inc,157145.0,Some-college,10.0,,Farming-fishing,Own-child,White,Male,,2258.0,10.0,,<=50K
33.0,Private,288825.0,HS-grad,,Divorced,Craft-repair,Not-in-family,White,,0.0,2258.0,84.0,United-States,<=50K
30.0,Self-emp-not-inc,,Some-college,10.0,Never-married,Sales,Other-relative,,,0.0,2258.0,40.0,South,<=50K
40.0,Private,287983.0,,13.0,Never-married,Tech-support,Not-in-family,Asian-Pac-Islander,,0.0,,,Philippines,<=50K
,Private,,Some-college,,Separated,Machine-op-inspct,Not-in-family,White,Male,,2258.0,55.0,,>50K
46.0,State-gov,192779.0,Assoc-acdm,12.0,Divorced,Adm-clerical,Unmarried,White,Male,0.0,2258.0,38.0,United-States,
,Private,135296.0,Bachelors,13.0,Never-married,Exec-managerial,Not-in-family,White,,0.0,2258.0,45.0,United-States,>50K
57.0,Federal-gov,,Bachelors,13.0,Never-married,Adm-clerical,,,Male,0.0,,40.0,United-States,<=50K
39.0,Private,156897.0,HS-grad,9.0,Never-married,Craft-repair,Own-child,,,0.0,2258.0,,,>50K
47.0,Private,138107.0,,,Divorced,,Not-in-family,White,Male,0.0,2258.0,40.0,United-States,>50K
26.0,Private,,,13.0,Never-married,Exec-managerial,Not-in-family,,,,2258.0,,United-States,>50K
27.0,Self-emp-not-inc,,HS-grad,9.0,Never-married,Craft-repair,Not-in-family,White,,0.0,2258.0,,United-States,<=50K
23.0,Private,102942.0,Bachelors,13.0,,Prof-specialty,Own-child,White,Female,0.0,,40.0,United-States,>50K
34.0,,36385.0,Masters,14.0,,,,White,Male,0.0,2258.0,,United-States,<=50K
33.0,Private,,12th,8.0,,Craft-repair,Not-in-family,White,Male,,,42.0,,<=50K
,,,Masters,,,Prof-specialty,Not-in-family,White,Female,,2258.0,60.0,United-States,<=50K
,Private,121362.0,Some-college,10.0,Widowed,,,White,Female,0.0,,38.0,United-States,>50K
36.0,Private,,HS-grad,9.0,,,Not-in-family,White,Male,0.0,2258.0,70.0,United-States,<=50K
44.0,,29591.0,Bachelors,13.0,Divorced,,Not-in-family,White,,,,,United-States,>50K
49.0,State-gov,269417.0,Doctorate,16.0,Never-married,Exec-managerial,Not-in-family,White,Female,0.0,2258.0,50.0,,>50K
44.0,Self-emp-inc,,,10.0,Never-married,Sales,Not-in-family,White,,,2258.0,60.0,United-States,<=50K
55.0,Private,41108.0,,10.0,,,,White,,,2258.0,,United-States,>50K
45.0,Private,,HS-grad,9.0,,Farming-fishing,,White,Male,0.0,2258.0,44.0,United-States,>50K
48.0,Private,175070.0,HS-grad,9.0,Divorced,Exec-managerial,Not-in-family,White,,0.0,2258.0,40.0,United-States,>50K
31.0,Private,263561.0,Bachelors,,,Exec-managerial,Husband,White,Male,0.0,2246.0,45.0,United-States,
,Local-gov,99131.0,HS-grad,9.0,Married-civ-spouse,Prof-specialty,,,Female,,2246.0,40.0,,
70.0,Self-emp-not-inc,143833.0,Some-college,10.0,Married-civ-spouse,,Husband,White,Male,0.0,,,United-States,
70.0,Self-emp-not-inc,,Masters,14.0,Married-civ-spouse,,,White,Male,,2246.0,8.0,United-States,>50K
73.0,Private,336007.0,Bachelors,13.0,Married-civ-spouse,Prof-specialty,Husband,White,Male,0.0,2246.0,40.0,United-States,>50K
72.0,,,Prof-school,15.0,Married-civ-spouse,Prof-specialty,,White,Male,0.0,,28.0,United-States,>50K
,Private,327825.0,HS-grad,,Separated,Machine-op-inspct,Unmarried,White,Female,0.0,2238.0,40.0,United-States,
28.0,Private,129460.0,,6.0,Widowed,Adm-clerical,Unmarried,White,Female,,2238.0,35.0,United-States,<=50K
23.0,Self-emp-not-inc,258298.0,Bachelors,,Never-married,Adm-clerical,Own-child,White,Male,0.0,2231.0,,,
,Local-gov,102359.0,9th,5.0,Widowed,Handlers-cleaners,Unmarried,White,,,2231.0,40.0,United-States,>50K
27.0,Local-gov,92431.0,Some-college,10.0,Never-married,,,,Male,0.0,2231.0,40.0,United-States,>50K
90.0,Private,51744.0,HS-grad,,Never-married,Other-service,Not-in-family,,Male,0.0,2206.0,,,<=50K
,Private,166149.0,HS-grad,9.0,Widowed,Adm-clerical,,White,,,2206.0,30.0,,<=50K
65.0,Private,149811.0,HS-grad,9.0,Divorced,,Unmarried,White,Female,0.0,2206.0,59.0,Canada,
,?,143118.0,HS-grad,9.0,Widowed,?,,White,Female,0.0,2206.0,10.0,United-States,
67.0,Private,,Bachelors,13.0,Divorced,,Not-in-family,White,Female,0.0,,,,<=50K
66.0,Local-gov,362165.0,Bachelors,13.0,Widowed,,Not-in-family,,Female,0.0,2206.0,25.0,United-States,<=50K
24.0,Private,379066.0,Some-college,,Never-married,Adm-clerical,Not-in-family,,Male,,2205.0,24.0,United-States,<=50K
44.0,Self-emp-not-inc,171424.0,Some-college,10.0,Divorced,Machine-op-inspct,Not-in-family,White,Male,,2205.0,,United-States,
35.0,Private,108293.0,,10.0,Never-married,Adm-clerical,Own-child,,Female,0.0,2205.0,,United-States,<=50K
,Private,,,12.0,Never-married,Other-service,Own-child,,Female,0.0,,18.0,United-States,<=50K
38.0,Private,126675.0,,9.0,,Craft-repair,,White,Male,0.0,2205.0,40.0,United-States,<=50K
,,155603.0,,10.0,Never-married,Other-service,Own-child,Black,Female,0.0,2205.0,40.0,United-States,<=50K
32.0,,27882.0,Some-college,,Never-married,Machine-op-inspct,,White,Female,0.0,,40.0,Holand-Netherlands,
42.0,Private,242564.0,,,Never-married,Handlers-cleaners,Not-in-family,Black,,,2205.0,,United-States,<=50K
63.0,,234083.0,HS-grad,9.0,Divorced,?,Not-in-family,,,,2205.0,40.0,,<=50K
,,23510.0,Masters,14.0,Divorced,Exec-managerial,Unmarried,Asian-Pac-Islander,,0.0,2201.0,60.0,India,
,,181232.0,11th,7.0,,Craft-repair,Husband,White,,0.0,2179.0,40.0,United-States,<=50K
28.0,,166481.0,,,,,Husband,Other,Male,0.0,2179.0,40.0,,<=50K
41.0,Self-emp-inc,139916.0,Assoc-voc,11.0,Married-civ-spouse,Sales,Husband,Other,Male,,2179.0,84.0,Mexico,<=50K
41.0,Self-emp-not-inc,144594.0,,4.0,Married-civ-spouse,,Husband,White,Male,0.0,,40.0,United-States,<=50K
,,266707.0,,2.0,Married-civ-spouse,Transport-moving,,White,Male,,2179.0,18.0,,<=50K
59.0,State-gov,303176.0,Some-college,10.0,Married-civ-spouse,,Husband,White,Male,0.0,2179.0,,United-States,<=50K
,Self-emp-not-inc,56460.0,,,Married-civ-spouse,Farming-fishing,Wife,White,,0.0,2179.0,12.0,United-States,
45.0,Private,,HS-grad,9.0,Married-civ-spouse,Transport-moving,,White,Male,,2179.0,45.0,United-States,<=50K
29.0,Private,119004.0,HS-grad,9.0,Married-civ-spouse,Adm-clerical,,White,,0.0,,40.0,,
47.0,Private,,10th,6.0,Married-civ-spouse,Sales,Husband,White,,0.0,,52.0,United-States,
40.0,Private,,,10.0,Married-civ-spouse,Machine-op-inspct,Husband,,Male,0.0,,40.0,United-States,<=50K
47.0,,191175.0,,3.0,Married-civ-spouse,Sales,Husband,,Male,0.0,,50.0,Mexico,
,,83043.0,Bachelors,13.0,,?,Husband,White,,,2179.0,,United-States,<=50K
41.0,Self-emp-not-inc,170214.0,HS-grad,9.0,,,Husband,,Male,,2179.0,40.0,United-States,<=50K
,Private,180714.0,Some-college,10.0,,Transport-moving,Husband,Black,Male,0.0,2179.0,40.0,United-States,<=50K
,?,177351.0,Bachelors,,Married-civ-spouse,?,Husband,White,Male,0.0,2174.0,40.0,,>50K
65.0,Self-emp-not-inc,,Some-college,10.0,Married-civ-spouse,Exec-managerial,,White,,0.0,,,,
70.0,Private,,,,,Handlers-cleaners,,White,,0.0,2174.0,,United-States,>50K
,,309955.0,Prof-school,,Married-civ-spouse,Prof-specialty,Husband,,Male,0.0,2174.0,50.0,,
65.0,,,HS-grad,9.0,Married-civ-spouse,,Husband,White,Male,0.0,,,United-States,>50K
,Federal-gov,,,10.0,,Exec-managerial,Husband,Black,Male,0.0,,40.0,United-States,>50K
73.0,Private,,Some-college,10.0,Married-civ-spouse,Prof-specialty,Husband,White,Male,0.0,2174.0,,United-States,>50K
60.0,?,141221.0,Bachelors,13.0,Married-civ-spouse,,Husband,,Male,0.0,2163.0,25.0,South,
68.0,Self-emp-not-inc,116903.0,Assoc-voc,,,Prof-specialty,Husband,White,,,2149.0,40.0,,<=50K
74.0,,,HS-grad,9.0,Married-civ-spouse,,Husband,,Male,0.0,,20.0,United-States,<=50K
43.0,Private,,5th-6th,,Married-civ-spouse,,Wife,,,0.0,2129.0,72.0,?,<=50K
19.0,,342384.0,11th,7.0,Married-civ-spouse,Craft-repair,Own-child,White,Male,0.0,2129.0,55.0,,<=50K
37.0,,68899.0,,,Married-civ-spouse,Craft-repair,Husband,,Male,0.0,2129.0,40.0,United-States,<=50K
45.0,Federal-gov,207107.0,Assoc-acdm,12.0,Divorced,Adm-clerical,,Asian-Pac-Islander,,0.0,2080.0,40.0,Philippines,<=50K
,Private,149044.0,Masters,,Married-civ-spouse,Prof-specialty,Husband,Asian-Pac-Islander,Male,,,,China,
30.0,Private,,HS-grad,9.0,Married-civ-spouse,Transport-moving,,White,Male,,2057.0,,United-States,<=50K
,Self-emp-not-inc,268639.0,Some-college,,Married-civ-spouse,,,White,,0.0,,60.0,Canada,
35.0,Private,272019.0,11th,7.0,,Craft-repair,,White,Male,0.0,2057.0,40.0,United-States,<=50K
,Private,,HS-grad,,Married-civ-spouse,,Wife,,Female,0.0,2057.0,20.0,United-States,<=50K
34.0,Private,199864.0,Some-college,10.0,Married-civ-spouse,,Wife,White,,0.0,2057.0,,United-States,<=50K
,Private,125831.0,,9.0,Married-civ-spouse,Craft-repair,,,Male,0.0,,,United-States,<=50K
35.0,,67728.0,,10.0,,Craft-repair,Husband,White,Male,,2051.0,45.0,,<=50K
26.0,,115717.0,Some-college,10.0,,Adm-clerical,Husband,White,,0.0,2051.0,40.0,United-States,<=50K
54.0,Private,172281.0,,9.0,Married-civ-spouse,Transport-moving,Husband,White,Male,0.0,2051.0,,United-States,
52.0,,305053.0,HS-grad,9.0,Married-civ-spouse,Craft-repair,Husband,,Male,,2051.0,40.0,,
,,105010.0,HS-grad,,Married-civ-spouse,Farming-fishing,,White,Male,0.0,2051.0,20.0,,<=50K
,Private,291052.0,Some-college,10.0,Married-civ-spouse,Adm-clerical,,White,Male,0.0,,40.0,United-States,
,,,,9.0,Married-civ-spouse,Transport-moving,,,,0.0,2051.0,40.0,United-States,<=50K
30.0,,,,10.0,Married-civ-spouse,Craft-repair,,White,,0.0,2051.0,,,<=50K
34.0,,,Bachelors,,Married-civ-spouse,Prof-specialty,Husband,White,Male,0.0,2051.0,,,<=50K
31.0,Private,,Some-college,10.0,Married-civ-spouse,,Husband,White,Male,0.0,2051.0,57.0,United-States,<=50K
52.0,Private,195635.0,HS-grad,,,Machine-op-inspct,Husband,,Male,,2051.0,38.0,United-States,<=50K
,Private,816750.0,,9.0,Married-civ-spouse,Craft-repair,,White,Male,0.0,2051.0,,United-States,<=50K
38.0,,160192.0,HS-grad,9.0,Married-civ-spouse,Craft-repair,Husband,White,,0.0,2051.0,44.0,,<=50K
39.0,Private,136081.0,HS-grad,9.0,Married-civ-spouse,Machine-op-inspct,Husband,White,,0.0,2051.0,40.0,,
29.0,Private,244473.0,Assoc-voc,11.0,,,Husband,White,Male,0.0,,,,<=50K
45.0,,187033.0,,,Married-civ-spouse,,Husband,White,Male,0.0,2051.0,,,<=50K
,Private,,HS-grad,9.0,,Transport-moving,Husband,,Male,,,55.0,United-States,<=50K
38.0,,,HS-grad,9.0,,,Husband,,,0.0,,40.0,Poland,
39.0,Private,314007.0,,6.0,Married-civ-spouse,Craft-repair,Husband,White,Male,,2051.0,40.0,United-States,<=50K
61.0,,179743.0,,9.0,Married-civ-spouse,Craft-repair,Husband,White,Male,,,20.0,United-States,
43.0,Private,117037.0,,7.0,Married-civ-spouse,,Husband,,Male,0.0,2042.0,40.0,United-States,<=50K
35.0,Private,40135.0,Some-college,10.0,,Handlers-cleaners,Husband,,,0.0,,40.0,United-States,<=50K
46.0,Private,315423.0,,10.0,Married-civ-spouse,Sales,,White,Male,0.0,2042.0,50.0,United-States,<=50K
38.0,Private,35429.0,,9.0,Married-civ-spouse,,,White,Male,0.0,2042.0,40.0,United-States,<=50K
42.0,Self-emp-not-inc,120837.0,HS-grad,9.0,,Craft-repair,Husband,White,Male,0.0,,48.0,,
34.0,Private,90614.0,Assoc-acdm,12.0,Married-civ-spouse,Tech-support,Husband,White,Male,,2042.0,10.0,,<=50K
29.0,,,,4.0,Married-civ-spouse,Farming-fishing,Husband,White,Male,0.0,,40.0,United-States,
32.0,Private,260954.0,11th,7.0,Married-civ-spouse,Craft-repair,Husband,White,Male,0.0,2042.0,30.0,United-States,<=50K
60.0,Private,,HS-grad,,,,Husband,White,Male,0.0,2042.0,34.0,United-States,
49.0,Local-gov,107231.0,HS-grad,9.0,,Craft-repair,Husband,White,Male,,2002.0,40.0,United-States,<=50K
,Local-gov,135102.0,HS-grad,9.0,Married-civ-spouse,Other-service,Husband,White,Male,0.0,2002.0,45.0,,<=50K
56.0,Private,201822.0,7th-8th,,,Handlers-cleaners,Husband,,,0.0,,40.0,United-States,<=50K
48.0,Private,413363.0,11th,7.0,Married-civ-spouse,Transport-moving,Husband,White,Male,,,40.0,United-States,
32.0,Federal-gov,148138.0,Bachelors,,Married-civ-spouse,Prof-specialty,Husband,,Male,,2002.0,,Iran,<=50K
42.0,Self-emp-not-inc,170721.0,HS-grad,,Married-civ-spouse,Craft-repair,Husband,White,Male,0.0,2002.0,,United-States,<=50K
,Private,102858.0,,12.0,Married-civ-spouse,Prof-specialty,Husband,White,Male,0.0,2002.0,,United-States,<=50K
,,,Assoc-acdm,12.0,Married-civ-spouse,,Husband,White,Male,,2002.0,40.0,England,<=50K
,Private,36936.0,,11.0,,,Husband,White,Male,0.0,2002.0,,United-States,<=50K
,Private,,Bachelors,13.0,Married-civ-spouse,Exec-managerial,Husband,White,Male,0.0,2002.0,50.0,,<=50K
47.0,Self-emp-not-inc,,Bachelors,13.0,Married-civ-spouse,,,White,Male,0.0,2002.0,,United-States,<=50K
,,131777.0,Bachelors,13.0,Married-civ-spouse,?,Husband,White,Male,0.0,2002.0,40.0,United-States,<=50K
,Private,41090.0,HS-grad,,,Craft-repair,,White,Male,0.0,2002.0,60.0,United-States,<=50K
,Private,,,,,Craft-repair,Own-child,,Female,0.0,2002.0,40.0,,<=50K
,,357540.0,Bachelors,13.0,Married-civ-spouse,Sales,Husband,White,,0.0,2002.0,,United-States,<=50K
30.0,,48520.0,,,,Prof-specialty,Husband,,Male,,2002.0,,United-States,<=50K
36.0,Private,,HS-grad,9.0,Married-civ-spouse,Transport-moving,Husband,White,Male,0.0,2002.0,,United-States,
,Self-emp-inc,198613.0,,9.0,Married-civ-spouse,Exec-managerial,Husband,White,Male,0.0,2002.0,40.0,United-States,<=50K
53.0,Private,283743.0,HS-grad,9.0,Married-civ-spouse,Transport-moving,Husband,,Male,0.0,2002.0,40.0,United-States,<=50K
,Private,,HS-grad,9.0,Married-civ-spouse,Sales,,White,,0.0,2002.0,45.0,United-States,<=50K
47.0,Self-emp-not-inc,,Doctorate,16.0,Married-civ-spouse,Transport-moving,Husband,White,Male,0.0,,45.0,United-States,<=50K
19.0,?,241616.0,HS-grad,9.0,Never-married,?,,White,Male,0.0,2001.0,,United-States,<=50K
30.0,Private,57651.0,HS-grad,9.0,,Adm-clerical,Unmarried,,Male,0.0,2001.0,42.0,United-States,<=50K
,Private,,,,Never-married,Other-service,Unmarried,White,Male,0.0,,40.0,United-States,<=50K
,,74680.0,Masters,14.0,Divorced,Adm-clerical,,White,Male,0.0,,60.0,United-States,<=50K
31.0,Private,454508.0,11th,7.0,Never-married,Craft-repair,,White,Male,0.0,2001.0,40.0,United-States,<=50K
33.0,Private,,,,Never-married,Handlers-cleaners,Not-in-family,White,Male,0.0,,,United-States,<=50K
25.0,,,,12.0,Never-married,Tech-support,Not-in-family,White,Female,0.0,,30.0,United-States,<=50K
20.0,Private,146879.0,HS-grad,9.0,Never-married,Other-service,,,Male,0.0,2001.0,40.0,,<=50K
23.0,Private,213955.0,,9.0,,,,Black,,0.0,,40.0,United-States,
55.0,?,,HS-grad,9.0,Separated,,Not-in-family,Black,Female,0.0,2001.0,40.0,United-States,
41.0,Self-emp-not-inc,277783.0,Some-college,,Divorced,Craft-repair,Not-in-family,White,Male,0.0,2001.0,50.0,,
54.0,Self-emp-not-inc,,HS-grad,9.0,Widowed,Craft-repair,,White,Male,0.0,,35.0,United-States,
25.0,Private,,HS-grad,9.0,Never-married,Craft-repair,,White,Male,0.0,2001.0,50.0,United-States,<=50K
19.0,,264390.0,Some-college,10.0,Never-married,Adm-clerical,Own-child,White,Female,0.0,,40.0,United-States,<=50K
,Private,210029.0,HS-grad,9.0,,Adm-clerical,Not-in-family,White,Female,0.0,2001.0,37.0,United-States,
56.0,Federal-gov,,,,Never-married,Transport-moving,,Black,Male,,2001.0,65.0,United-States,<=50K
21.0,Local-gov,102942.0,Some-college,,,Other-service,Not-in-family,White,,0.0,2001.0,40.0,United-States,<=50K
,,209297.0,HS-grad,9.0,Never-married,,,Black,Male,0.0,2001.0,40.0,United-States,<=50K
19.0,Private,,,9.0,Never-married,Adm-clerical,,White,Male,0.0,2001.0,,United-States,<=50K
21.0,?,40052.0,Some-college,10.0,Never-married,?,,,,0.0,,45.0,United-States,<=50K
48.0,Private,,,9.0,Separated,Adm-clerical,Not-in-family,White,,0.0,2001.0,40.0,,
34.0,Private,174789.0,,13.0,Never-married,Other-service,,,Male,0.0,,40.0,,
31.0,,,HS-grad,,Never-married,Farming-fishing,Not-in-family,White,Male,0.0,2001.0,40.0,United-States,<=50K
36.0,Private,297847.0,HS-grad,9.0,Never-married,,Not-in-family,Black,Female,,2001.0,40.0,,<=50K
27.0,Private,124953.0,HS-grad,9.0,,Other-service,Not-in-family,,Male,0.0,1980.0,,United-States,
,Private,116358.0,Some-college,10.0,Never-married,Craft-repair,Own-child,Asian-Pac-Islander,Male,0.0,1980.0,40.0,Philippines,<=50K
35.0,Private,187119.0,,13.0,Divorced,,Not-in-family,White,Female,,1980.0,65.0,United-States,<=50K
,,161745.0,Bachelors,13.0,Married-spouse-absent,,Not-in-family,,Male,,,,United-States,
,Federal-gov,469705.0,HS-grad,9.0,Never-married,Craft-repair,Not-in-family,Black,,0.0,1980.0,40.0,United-States,<=50K
28.0,Local-gov,304960.0,,12.0,Never-married,Adm-clerical,Not-in-family,White,Female,0.0,,,United-States,<=50K
42.0,Private,175935.0,,,Divorced,Transport-moving,Not-in-family,,,0.0,1980.0,46.0,,<=50K
44.0,Private,355728.0,Some-college,10.0,Separated,Exec-managerial,,,Male,0.0,1980.0,45.0,England,<=50K
,Private,53956.0,Bachelors,13.0,Divorced,Sales,Not-in-family,White,Male,0.0,,56.0,United-States,
28.0,Private,184723.0,Bachelors,,Never-married,,Not-in-family,White,Female,0.0,1980.0,35.0,United-States,<=50K
,Federal-gov,185616.0,,9.0,Never-married,Adm-clerical,,White,Female,,1980.0,40.0,United-States,
35.0,,54595.0,10th,6.0,Widowed,Other-service,,Black,Female,0.0,1980.0,,,
,Private,126104.0,Masters,14.0,Divorced,,Not-in-family,,Female,,1980.0,45.0,United-States,<=50K
40.0,,,HS-grad,9.0,,Machine-op-inspct,Not-in-family,White,Male,0.0,1980.0,48.0,United-States,
31.0,Private,184306.0,,,Never-married,Transport-moving,Own-child,White,Male,0.0,1980.0,60.0,United-States,
30.0,Private,,HS-grad,,Never-married,,Not-in-family,White,,0.0,1980.0,40.0,,<=50K
32.0,Private,199529.0,Some-college,,Separated,,Not-in-family,Amer-Indian-Eskimo,Male,0.0,,40.0,,<=50K
25.0,Private,,Some-college,10.0,Never-married,Adm-clerical,,White,Male,0.0,,40.0,,<=50K
34.0,Private,198103.0,HS-grad,9.0,Never-married,Transport-moving,Own-child,White,,0.0,,40.0,United-States,<=50K
56.0,Private,34626.0,Some-college,10.0,,Exec-managerial,Not-in-family,White,Female,0.0,1980.0,40.0,United-States,
45.0,,100651.0,HS-grad,9.0,Divorced,Other-service,Not-in-family,White,Male,0.0,,40.0,United-States,
50.0,Private,,HS-grad,9.0,Never-married,,,White,Male,0.0,1980.0,40.0,United-States,<=50K
,,132805.0,10th,6.0,Never-married,Sales,Other-relative,White,Male,,1980.0,40.0,,<=50K
51.0,Private,96062.0,Some-college,10.0,Married-civ-spouse,Sales,Husband,White,,0.0,1977.0,40.0,United-States,>50K
,Private,,,12.0,Married-civ-spouse,Tech-support,,White,Male,,1977.0,60.0,United-States,>50K
41.0,Private,445382.0,Masters,14.0,,Exec-managerial,Husband,White,Male,0.0,1977.0,65.0,United-States,>50K
,,192776.0,,14.0,Married-civ-spouse,,Husband,White,,,1977.0,45.0,United-States,>50K
37.0,,22463.0,,,Married-civ-spouse,,,White,Male,,1977.0,40.0,United-States,>50K
36.0,Self-emp-inc,108293.0,Bachelors,13.0,Married-civ-spouse,,Wife,White,Female,0.0,1977.0,45.0,,
35.0,Private,199352.0,Prof-school,,Married-civ-spouse,Prof-specialty,Husband,White,Male,0.0,1977.0,80.0,United-States,>50K
,Self-emp-inc,260729.0,HS-grad,,,Sales,Wife,White,Female,,,,United-States,>50K
50.0,Private,133963.0,Bachelors,13.0,Married-civ-spouse,Prof-specialty,,White,,,1977.0,40.0,,>50K
46.0,Private,129007.0,Bachelors,13.0,Married-civ-spouse,,Husband,White,,0.0,1977.0,40.0,United-States,
44.0,Self-emp-not-inc,,HS-grad,9.0,,,Husband,,Male,0.0,1977.0,45.0,United-States,
,Local-gov,111252.0,Masters,14.0,Married-civ-spouse,,Husband,White,,0.0,,40.0,,>50K
38.0,Federal-gov,,Prof-school,15.0,Married-civ-spouse,,Husband,White,,0.0,1977.0,50.0,United-States,
45.0,Private,,Bachelors,13.0,Married-civ-spouse,Exec-managerial,Husband,White,Male,0.0,1977.0,55.0,United-States,>50K
43.0,Local-gov,,Masters,,Married-civ-spouse,Exec-managerial,Husband,,Male,0.0,1977.0,60.0,United-States,>50K
47.0,Self-emp-inc,139268.0,Prof-school,15.0,,Prof-specialty,Husband,,Male,0.0,,,United-States,>50K
,Self-emp-inc,349910.0,,15.0,,Prof-specialty,Husband,White,,0.0,1977.0,50.0,United-States,>50K
,Private,,,15.0,Married-civ-spouse,,Husband,White,Male,,,40.0,United-States,>50K
42.0,Local-gov,245307.0,Bachelors,,,,Husband,White,Male,0.0,1977.0,48.0,United-States,>50K
,Private,153484.0,Masters,,Married-civ-spouse,Exec-managerial,Husband,,Male,0.0,,50.0,,>50K
,,252903.0,10th,6.0,Married-civ-spouse,,,White,,0.0,1977.0,40.0,United-States,>50K
32.0,Private,295589.0,Masters,14.0,Married-civ-spouse,Exec-managerial,Husband,Black,Male,0.0,1977.0,40.0,United-States,>50K
45.0,Local-gov,160472.0,,,Married-civ-spouse,Exec-managerial,Husband,White,Male,0.0,,50.0,United-States,>50K
56.0,Private,,Masters,14.0,Married-civ-spouse,Craft-repair,Husband,,,0.0,1977.0,44.0,United-States,>50K
38.0,,234901.0,Masters,14.0,Married-civ-spouse,Exec-managerial,Husband,,Male,0.0,1977.0,60.0,United-States,>50K
45.0,Private,33300.0,Assoc-voc,11.0,,Sales,Husband,White,,0.0,,,United-States,>50K
49.0,Private,101825.0,,,Married-civ-spouse,,Wife,,,0.0,1977.0,40.0,,>50K
,Private,183612.0,HS-grad,9.0,,Prof-specialty,,White,,0.0,1977.0,40.0,United-States,
49.0,Private,185041.0,Masters,14.0,Married-civ-spouse,Exec-managerial,,White,Male,0.0,,40.0,United-States,>50K
30.0,Private,315640.0,Doctorate,16.0,Married-civ-spouse,Prof-specialty,Husband,Asian-Pac-Islander,Male,0.0,1977.0,,China,>50K
,Self-emp-inc,123838.0,Prof-school,15.0,,,,White,Male,,1977.0,50.0,United-States,
55.0,Private,31905.0,,,Married-civ-spouse,Exec-managerial,Husband,White,,,1977.0,40.0,United-States,>50K
34.0,Private,,Bachelors,13.0,,Exec-managerial,,,Male,0.0,,45.0,United-States,
54.0,Private,88278.0,Doctorate,16.0,,Prof-specialty,,White,,0.0,,,United-States,>50K
42.0,,,Bachelors,,Married-civ-spouse,Exec-managerial,Husband,White,Male,0.0,1977.0,70.0,,>50K
25.0,,90730.0,Bachelors,13.0,Married-civ-spouse,Prof-specialty,Husband,,Male,0.0,,40.0,United-States,>50K
55.0,Self-emp-inc,138594.0,HS-grad,9.0,,Exec-managerial,Husband,White,Male,,1977.0,45.0,United-States,>50K
,State-gov,194068.0,,14.0,Married-civ-spouse,,Husband,White,Male,0.0,1977.0,50.0,United-States,>50K
62.0,Private,218009.0,,9.0,Married-civ-spouse,,Husband,White,Male,0.0,1977.0,,,>50K
43.0,Self-emp-inc,,Prof-school,15.0,Married-civ-spouse,Prof-specialty,Husband,White,,0.0,,,United-States,>50K
57.0,Local-gov,174132.0,Masters,,Married-civ-spouse,,Wife,Black,Female,0.0,1977.0,,,>50K
42.0,Self-emp-inc,,,16.0,Married-civ-spouse,Prof-specialty,Husband,White,Male,,1977.0,60.0,United-States,>50K
63.0,,35021.0,Bachelors,13.0,,Prof-specialty,Husband,,Male,0.0,1977.0,,China,>50K
,Self-emp-not-inc,213668.0,Prof-school,15.0,Married-civ-spouse,Prof-specialty,Husband,White,Male,0.0,1977.0,50.0,United-States,>50K
,Private,,Bachelors,13.0,Married-civ-spouse,Exec-managerial,Husband,White,Male,0.0,1977.0,50.0,United-States,>50K
40.0,Private,,Bachelors,13.0,Married-civ-spouse,,Husband,White,,0.0,1977.0,60.0,United-States,>50K
,Private,118308.0,,13.0,Married-civ-spouse,Prof-specialty,Husband,White,Male,,1977.0,50.0,United-States,>50K
43.0,,,Prof-school,,Married-civ-spouse,,Husband,White,Male,0.0,1977.0,,,
41.0,Self-emp-not-inc,200574.0,Prof-school,15.0,,,Husband,,Male,0.0,1977.0,60.0,,>50K
32.0,Private,,,15.0,Married-civ-spouse,Prof-specialty,Husband,,Male,0.0,1977.0,,United-States,>50K
47.0,,,,13.0,Married-civ-spouse,,Husband,White,Male,0.0,1977.0,40.0,United-States,
39.0,Federal-gov,,Some-college,,Married-civ-spouse,Handlers-cleaners,Husband,White,,0.0,1977.0,60.0,United-States,>50K
,Private,193720.0,Some-college,,,Exec-managerial,Husband,White,Male,0.0,1977.0,40.0,United-States,
,Private,189759.0,Bachelors,13.0,Married-civ-spouse,Exec-managerial,Husband,White,Male,,1977.0,45.0,United-States,>50K
36.0,Private,,Bachelors,13.0,,,,,,0.0,1977.0,40.0,United-States,>50K
47.0,Local-gov,285060.0,Masters,,Married-civ-spouse,Exec-managerial,,White,Male,0.0,1977.0,,United-States,
52.0,,23780.0,,11.0,Married-civ-spouse,,,White,,0.0,,45.0,United-States,>50K
,Self-emp-not-inc,284706.0,Prof-school,15.0,Married-civ-spouse,Prof-specialty,Husband,,Male,0.0,1977.0,,,>50K
,Self-emp-inc,130126.0,Bachelors,,Married-civ-spouse,Prof-specialty,Husband,White,Male,0.0,1977.0,40.0,,>50K
,,102615.0,,14.0,Married-civ-spouse,Protective-serv,,White,,0.0,,40.0,United-States,>50K
,,,Masters,14.0,Married-civ-spouse,Tech-support,,White,,0.0,1977.0,,United-States,>50K
,Private,111499.0,HS-grad,,Married-civ-spouse,Sales,,White,,0.0,1977.0,99.0,United-States,>50K
52.0,Private,,Some-college,10.0,Married-civ-spouse,Exec-managerial,Husband,White,Male,0.0,1977.0,50.0,United-States,>50K
60.0,,165630.0,,9.0,Married-civ-spouse,,Husband,,Male,0.0,1977.0,40.0,,>50K
55.0,Private,,Assoc-voc,,,Prof-specialty,Husband,,Male,0.0,1977.0,,,
47.0,Local-gov,,Masters,14.0,,,,Black,Male,,1977.0,50.0,United-States,>50K
46.0,Private,102771.0,Masters,,Married-civ-spouse,Tech-support,,White,Male,,1977.0,40.0,United-States,
35.0,,86648.0,Masters,14.0,Married-civ-spouse,Prof-specialty,Husband,,Male,,1977.0,45.0,,>50K
59.0,,223215.0,,,,Exec-managerial,Husband,White,,0.0,1977.0,50.0,,>50K
57.0,Private,437727.0,Masters,,,Prof-specialty,Husband,White,Male,0.0,1977.0,45.0,United-States,
46.0,Private,167515.0,Some-college,10.0,,Prof-specialty,Husband,,Male,,,50.0,United-States,>50K
46.0,Federal-gov,,Masters,14.0,Married-civ-spouse,,Husband,White,Male,,1977.0,40.0,United-States,>50K
52.0,,,HS-grad,9.0,Married-civ-spouse,Craft-repair,Husband,White,Male,0.0,1977.0,40.0,United-States,>50K
45.0,Private,,,,Married-civ-spouse,Prof-specialty,Wife,White,Female,0.0,1977.0,30.0,United-States,>50K
37.0,Private,241998.0,,13.0,Married-civ-spouse,Tech-support,Husband,White,Male,,1977.0,40.0,,>50K
46.0,Private,337050.0,,14.0,Married-civ-spouse,Exec-managerial,Husband,White,Male,0.0,,45.0,United-States,
44.0,Private,157249.0,Bachelors,13.0,Married-civ-spouse,,,Black,Male,0.0,1977.0,50.0,United-States,>50K
45.0,,84298.0,,11.0,,Exec-managerial,Husband,,Male,0.0,1977.0,50.0,,
43.0,,55213.0,HS-grad,9.0,Married-civ-spouse,,Husband,White,,0.0,1977.0,52.0,United-States,>50K
54.0,Local-gov,,Masters,14.0,,,Husband,White,Male,0.0,,40.0,,>50K
50.0,Private,150999.0,Masters,14.0,Married-civ-spouse,,Husband,White,Male,0.0,,40.0,United-States,>50K
51.0,Private,199688.0,Bachelors,,Married-civ-spouse,Exec-managerial,Husband,White,Male,0.0,1977.0,60.0,?,
45.0,Private,,Bachelors,13.0,Married-civ-spouse,Prof-specialty,Husband,,,0.0,,,United-States,>50K
36.0,Private,192939.0,Masters,14.0,Married-civ-spouse,Prof-specialty,Husband,White,Male,0.0,,60.0,,>50K
,,183627.0,Bachelors,,Married-civ-spouse,Exec-managerial,,White,,,,50.0,United-States,>50K
,Private,189404.0,Bachelors,,,,Husband,White,,0.0,1977.0,,United-States,>50K
53.0,Private,152810.0,Masters,14.0,,Exec-managerial,Husband,White,,0.0,,55.0,,>50K
51.0,,123011.0,Masters,14.0,Married-civ-spouse,Prof-specialty,Husband,White,Male,,1977.0,35.0,United-States,>50K
28.0,Private,114158.0,Bachelors,13.0,Married-civ-spouse,Prof-specialty,Wife,,Female,0.0,1977.0,,United-States,
,Self-emp-not-inc,228660.0,,10.0,Married-civ-spouse,Craft-repair,,White,Male,,1977.0,,,>50K
45.0,Private,,Bachelors,,,Exec-managerial,Husband,White,Male,0.0,,60.0,United-States,>50K
,,,Masters,,Married-civ-spouse,,Wife,White,Female,0.0,1977.0,35.0,,>50K
39.0,Self-emp-not-inc,,,15.0,Married-civ-spouse,Prof-specialty,Husband,White,,0.0,1977.0,50.0,United-States,
39.0,Private,218490.0,,13.0,Married-civ-spouse,,Husband,White,Male,0.0,1977.0,40.0,United-States,>50K
55.0,Self-emp-not-inc,,Masters,,Married-civ-spouse,Prof-specialty,Husband,White,Male,0.0,,40.0,United-States,>50K
,Private,71751.0,,,Married-civ-spouse,,,White,Male,0.0,1977.0,98.0,,
49.0,Private,137192.0,Bachelors,13.0,,Sales,Husband,Asian-Pac-Islander,Male,,1977.0,50.0,,>50K
53.0,Self-emp-not-inc,100109.0,Masters,,Married-civ-spouse,Exec-managerial,Husband,White,Male,0.0,1977.0,40.0,United-States,>50K
31.0,,183043.0,Masters,,Married-civ-spouse,,Husband,,Male,0.0,1977.0,,United-States,>50K
42.0,Self-emp-inc,188738.0,HS-grad,9.0,,Exec-managerial,,White,Male,0.0,1977.0,,Italy,>50K
39.0,Private,201410.0,Bachelors,,,Transport-moving,Husband,White,Male,0.0,1977.0,45.0,Philippines,>50K
,Self-emp-not-inc,,Bachelors,,Married-civ-spouse,,,White,Male,0.0,1977.0,,United-States,>50K
26.0,Private,,Prof-school,15.0,Married-civ-spouse,Prof-specialty,Husband,White,Male,0.0,1977.0,40.0,United-States,>50K
37.0,Private,126569.0,Masters,14.0,Married-civ-spouse,Exec-managerial,Husband,,,0.0,1977.0,40.0,United-States,>50K
45.0,State-gov,,Bachelors,,Married-civ-spouse,Exec-managerial,,,,0.0,,60.0,United-States,>50K
,Private,109133.0,Assoc-acdm,12.0,,Sales,Husband,White,,0.0,1977.0,45.0,United-States,>50K
,,195602.0,Bachelors,13.0,,Sales,,White,Male,0.0,1977.0,45.0,United-States,>50K
,Self-emp-inc,135500.0,,9.0,Married-civ-spouse,Exec-managerial,,White,,0.0,1977.0,40.0,United-States,>50K
,Self-emp-not-inc,147653.0,10th,6.0,Married-civ-spouse,Craft-repair,Wife,White,Female,0.0,,35.0,,>50K
,,145636.0,Masters,,Married-civ-spouse,Exec-managerial,Husband,White,,0.0,,43.0,United-States,>50K
41.0,Private,,Bachelors,13.0,Married-civ-spouse,,Husband,White,Male,0.0,1977.0,45.0,,>50K
36.0,Self-emp-not-inc,,HS-grad,9.0,Married-civ-spouse,Farming-fishing,Husband,,Male,0.0,,,,
51.0,State-gov,285747.0,Masters,14.0,,,Husband,White,,0.0,1977.0,60.0,United-States,>50K
39.0,Private,80324.0,Some-college,10.0,Married-civ-spouse,Exec-managerial,Husband,White,Male,,1977.0,62.0,United-States,>50K
56.0,Self-emp-not-inc,94156.0,Prof-school,,Married-civ-spouse,Prof-specialty,Husband,White,,0.0,,50.0,,>50K
53.0,Federal-gov,271544.0,HS-grad,9.0,Married-civ-spouse,,Husband,Black,,,,,United-States,>50K
40.0,,175943.0,Assoc-voc,11.0,Married-civ-spouse,Prof-specialty,,White,Female,,1977.0,15.0,United-States,>50K
57.0,,141570.0,Masters,,Married-civ-spouse,Exec-managerial,Husband,Black,,0.0,1977.0,40.0,United-States,>50K
50.0,Local-gov,124963.0,,9.0,Married-civ-spouse,Craft-repair,Husband,White,Male,0.0,1977.0,,,>50K
34.0,,112115.0,Prof-school,15.0,Married-civ-spouse,Prof-specialty,,White,Male,,,55.0,,>50K
,Private,99357.0,Bachelors,,,,,,Female,0.0,,30.0,United-States,>50K
,Self-emp-not-inc,,HS-grad,9.0,,Prof-specialty,Husband,White,Male,0.0,1977.0,,United-States,>50K
53.0,Local-gov,200190.0,Masters,14.0,Married-civ-spouse,Prof-specialty,Husband,White,,0.0,1977.0,,United-States,>50K
,State-gov,,Doctorate,16.0,Married-civ-spouse,,,White,Male,,1977.0,70.0,,
37.0,Private,135436.0,,,Married-civ-spouse,Exec-managerial,Husband,,Male,0.0,1977.0,60.0,,>50K
,Private,345705.0,Bachelors,13.0,,,Husband,White,Male,0.0,1977.0,50.0,United-States,>50K
36.0,,,Masters,,Married-civ-spouse,Prof-specialty,,,,,1977.0,50.0,United-States,>50K
,Private,107433.0,Bachelors,,,,,,Male,0.0,1977.0,,United-States,>50K
51.0,Private,230858.0,Some-college,,,Craft-repair,Husband,White,Male,0.0,1977.0,60.0,United-States,
33.0,Private,133503.0,HS-grad,9.0,Married-civ-spouse,,,White,Male,0.0,,45.0,United-States,>50K
40.0,,,Doctorate,16.0,Married-civ-spouse,,Wife,White,Female,0.0,1977.0,20.0,United-States,>50K
,Self-emp-inc,201689.0,7th-8th,4.0,Married-civ-spouse,Craft-repair,,,Male,0.0,1977.0,63.0,,>50K
,Self-emp-inc,216414.0,,,Married-civ-spouse,Sales,Husband,White,Male,0.0,,60.0,United-States,>50K
54.0,Private,182314.0,Doctorate,,Married-civ-spouse,Exec-managerial,Husband,White,Male,,1977.0,50.0,,>50K
39.0,Private,134367.0,Masters,14.0,Married-civ-spouse,Prof-specialty,Wife,White,Female,0.0,1977.0,,United-States,>50K
54.0,,,Some-college,10.0,Married-civ-spouse,Sales,Husband,,Male,0.0,1977.0,,United-States,>50K
,,,Doctorate,,Married-civ-spouse,,Husband,White,Male,0.0,1977.0,,,>50K
51.0,Private,,,14.0,Married-civ-spouse,Exec-managerial,Husband,White,Male,,1977.0,50.0,United-States,>50K
55.0,Private,,Doctorate,16.0,Married-civ-spouse,Prof-specialty,Husband,White,Male,0.0,1977.0,,?,>50K
36.0,Private,,Masters,14.0,Married-civ-spouse,Adm-clerical,,White,Male,,1977.0,40.0,Japan,>50K
,Self-emp-inc,93227.0,Bachelors,13.0,,Exec-managerial,Husband,Asian-Pac-Islander,Male,0.0,1977.0,60.0,Taiwan,
56.0,,48102.0,Some-college,10.0,Married-civ-spouse,Exec-managerial,Wife,,Female,0.0,1977.0,50.0,United-States,>50K
38.0,Private,172538.0,,13.0,Married-civ-spouse,Tech-support,Husband,White,Male,0.0,,40.0,United-States,>50K
,Private,239865.0,,9.0,Married-civ-spouse,Craft-repair,Husband,,Male,0.0,1977.0,45.0,,>50K
39.0,Local-gov,180686.0,Masters,14.0,,Prof-specialty,Husband,White,Male,,,,United-States,>50K
59.0,Private,170104.0,Bachelors,13.0,Married-civ-spouse,Exec-managerial,Husband,White,Male,0.0,1977.0,50.0,,
54.0,Private,511668.0,Doctorate,16.0,Married-civ-spouse,Exec-managerial,Husband,White,Male,0.0,1977.0,43.0,United-States,>50K
54.0,,109418.0,Bachelors,13.0,,,Wife,White,Female,,1977.0,35.0,United-States,
31.0,Private,,,,Married-civ-spouse,Exec-managerial,,White,Male,,1977.0,55.0,,
59.0,Self-emp-inc,122390.0,Some-college,10.0,Married-civ-spouse,Exec-managerial,Husband,White,,,1977.0,,United-States,>50K
46.0,Private,261059.0,Masters,,Married-civ-spouse,,Husband,White,Male,0.0,,,United-States,>50K
57.0,Private,,Doctorate,,Married-civ-spouse,Tech-support,Husband,White,Male,,1977.0,,Germany,>50K
,Private,386726.0,,14.0,Married-civ-spouse,Prof-specialty,Wife,White,Female,0.0,1977.0,44.0,United-States,>50K
44.0,Private,340885.0,Bachelors,13.0,Married-civ-spouse,Machine-op-inspct,Husband,White,Male,0.0,1977.0,40.0,United-States,>50K
,Private,,,15.0,Married-civ-spouse,Prof-specialty,Husband,White,Male,0.0,1977.0,50.0,,>50K
54.0,Private,308087.0,Some-college,,,Tech-support,Husband,White,Male,0.0,1977.0,18.0,United-States,>50K
55.0,Private,368797.0,Masters,,Married-civ-spouse,Exec-managerial,,White,Male,0.0,,,United-States,>50K
36.0,Private,218689.0,Masters,,Married-civ-spouse,Sales,Husband,White,,,1977.0,50.0,United-States,>50K
49.0,Local-gov,,Prof-school,,Married-civ-spouse,Prof-specialty,Wife,White,Female,0.0,1977.0,60.0,United-States,>50K
41.0,,347653.0,,15.0,,,,White,,0.0,1977.0,50.0,United-States,>50K
40.0,Private,320451.0,Doctorate,16.0,Married-civ-spouse,Prof-specialty,,,Male,0.0,,45.0,Hong,>50K
,Private,,,13.0,,,Husband,White,Male,0.0,,50.0,United-States,>50K
39.0,Local-gov,344855.0,Masters,14.0,Married-civ-spouse,,Wife,White,Female,,,20.0,United-States,>50K
,?,370727.0,,,Married-civ-spouse,,,White,Female,0.0,1977.0,40.0,United-States,>50K
48.0,Private,109814.0,Prof-school,15.0,Married-civ-spouse,Prof-specialty,Husband,White,,0.0,,45.0,United-States,>50K
43.0,,,,13.0,Married-civ-spouse,Exec-managerial,Husband,White,,0.0,,,,>50K
42.0,Self-emp-inc,,Bachelors,,Married-civ-spouse,Exec-managerial,Husband,White,,0.0,1977.0,60.0,?,>50K
36.0,,237943.0,Bachelors,13.0,,Prof-specialty,Husband,White,Male,0.0,,45.0,,>50K
,Private,49020.0,Masters,14.0,,Exec-managerial,Not-in-family,,Male,,1974.0,40.0,United-States,<=50K
,Private,,Some-college,10.0,Never-married,Prof-specialty,Own-child,Asian-Pac-Islander,Male,0.0,1974.0,40.0,,<=50K
23.0,,275818.0,Some-college,,Never-married,,,White,,0.0,1974.0,40.0,United-States,<=50K
47.0,Private,133758.0,HS-grad,9.0,,,,White,Female,0.0,,40.0,,
,Private,43953.0,HS-grad,,Never-married,Adm-clerical,,White,,,1974.0,40.0,United-States,<=50K
35.0,,147258.0,Some-college,10.0,Never-married,Machine-op-inspct,,White,,0.0,1974.0,40.0,,<=50K
26.0,Private,,Some-college,10.0,Never-married,Adm-clerical,Not-in-family,White,,0.0,,40.0,,<=50K
,Private,215384.0,,,,Exec-managerial,Not-in-family,White,Male,0.0,1974.0,55.0,United-States,<=50K
41.0,,33068.0,Masters,14.0,Divorced,,Not-in-family,,Male,0.0,1974.0,40.0,United-States,<=50K
,Local-gov,145692.0,Some-college,,Never-married,Protective-serv,Not-in-family,Black,Male,0.0,1974.0,40.0,United-States,
,Private,111696.0,HS-grad,9.0,,Craft-repair,,White,Male,,,40.0,United-States,<=50K
,Private,,,9.0,Widowed,Sales,Not-in-family,White,Female,0.0,1974.0,40.0,United-States,<=50K
35.0,,,HS-grad,9.0,Never-married,Machine-op-inspct,,White,,,1974.0,40.0,United-States,<=50K
,Private,258666.0,Assoc-voc,11.0,Never-married,Tech-support,Not-in-family,White,Female,0.0,1974.0,,United-States,<=50K
29.0,,214702.0,,9.0,Never-married,Craft-repair,Not-in-family,White,Male,0.0,,35.0,United-States,<=50K
23.0,Private,,Assoc-acdm,12.0,Never-married,,Own-child,,Female,0.0,1974.0,,United-States,<=50K
24.0,Federal-gov,210736.0,HS-grad,,Never-married,Adm-clerical,Not-in-family,,Female,0.0,1974.0,40.0,,
62.0,,81116.0,Some-college,10.0,Divorced,Adm-clerical,,White,,0.0,1974.0,40.0,,<=50K
77.0,Self-emp-not-inc,71676.0,Some-college,10.0,Widowed,Adm-clerical,,White,,,1944.0,1.0,,<=50K
47.0,,51835.0,,15.0,,Prof-specialty,Wife,White,Female,,,60.0,Honduras,
,Self-emp-not-inc,191277.0,Doctorate,16.0,,Prof-specialty,,,Male,0.0,1902.0,60.0,United-States,>50K
42.0,,214242.0,Prof-school,15.0,Married-civ-spouse,Prof-specialty,Husband,,Male,0.0,1902.0,,,>50K
31.0,Private,118710.0,Masters,14.0,,Tech-support,,White,,0.0,,40.0,,
43.0,Private,274363.0,,13.0,Married-civ-spouse,Exec-managerial,Husband,White,Male,0.0,1902.0,,England,>50K
50.0,Private,168212.0,Doctorate,16.0,,Prof-specialty,,White,Male,,1902.0,65.0,United-States,>50K
36.0,Private,,Bachelors,13.0,Married-civ-spouse,Prof-specialty,,,Male,0.0,,50.0,,
49.0,,,,14.0,,Prof-specialty,Husband,White,Male,,1902.0,40.0,United-States,>50K
,Private,132879.0,HS-grad,9.0,Married-civ-spouse,,Husband,White,Male,0.0,1902.0,40.0,United-States,>50K
,State-gov,55863.0,Doctorate,16.0,,,Wife,White,,0.0,1902.0,46.0,,>50K
46.0,Private,265266.0,Bachelors,13.0,Married-civ-spouse,Prof-specialty,Husband,White,Male,0.0,,40.0,United-States,>50K
,Self-emp-not-inc,145574.0,HS-grad,9.0,Married-civ-spouse,Other-service,Husband,White,Male,,1902.0,,,>50K
37.0,Private,188540.0,HS-grad,9.0,Married-civ-spouse,Exec-managerial,Husband,White,Male,0.0,1902.0,45.0,United-States,
,Private,415287.0,,9.0,Married-civ-spouse,Machine-op-inspct,Husband,Black,Male,0.0,1902.0,40.0,,
43.0,Private,201723.0,Masters,14.0,Married-civ-spouse,,Husband,White,,0.0,1902.0,,United-States,
46.0,Local-gov,36228.0,HS-grad,9.0,Married-civ-spouse,Craft-repair,Husband,White,Male,0.0,,40.0,,<=50K
,Local-gov,121718.0,,14.0,Married-civ-spouse,Exec-managerial,Husband,White,,,,60.0,,>50K
,Private,26522.0,Some-college,,Married-civ-spouse,,Wife,,Female,0.0,1902.0,35.0,United-States,>50K
23.0,Private,,Some-college,10.0,Married-civ-spouse,Machine-op-inspct,Husband,White,Male,0.0,,40.0,United-States,
45.0,,,,13.0,Married-civ-spouse,,Husband,White,,0.0,1902.0,,,>50K
30.0,State-gov,199539.0,HS-grad,9.0,,Adm-clerical,Husband,White,Male,,1902.0,40.0,,<=50K
49.0,State-gov,133917.0,Doctorate,,Married-civ-spouse,Prof-specialty,Husband,Black,Male,,1902.0,,?,
49.0,Private,101320.0,Assoc-acdm,12.0,Married-civ-spouse,Sales,Wife,,Female,0.0,1902.0,40.0,United-States,>50K
,Private,,Prof-school,15.0,Married-civ-spouse,Craft-repair,,Asian-Pac-Islander,Male,,1902.0,40.0,,>50K
42.0,Self-emp-not-inc,157562.0,Bachelors,,Married-civ-spouse,Farming-fishing,,White,,0.0,1902.0,80.0,United-States,
43.0,Local-gov,105862.0,Some-college,10.0,Married-civ-spouse,Adm-clerical,Wife,White,Female,0.0,,40.0,,>50K
43.0,Private,336513.0,,10.0,Married-civ-spouse,Exec-managerial,Husband,White,Male,0.0,1902.0,40.0,United-States,>50K
,,378384.0,,,Married-civ-spouse,Prof-specialty,,White,,0.0,,,,>50K
53.0,Private,,Bachelors,13.0,,,,White,Male,,,,,>50K
40.0,Local-gov,,Masters,14.0,,Prof-specialty,,,Male,0.0,1902.0,,United-States,>50K
46.0,Private,324655.0,Masters,,Married-civ-spouse,Tech-support,Husband,White,,,1902.0,,?,
41.0,,,Bachelors,,Married-civ-spouse,,Husband,White,Male,0.0,,60.0,United-States,>50K
49.0,Private,,Bachelors,13.0,Married-civ-spouse,Craft-repair,Husband,,Male,0.0,1902.0,40.0,United-States,>50K
31.0,Self-emp-not-inc,348038.0,,13.0,Married-civ-spouse,Prof-specialty,,White,Male,0.0,1902.0,,Puerto-Rico,
,Private,299635.0,Masters,14.0,Married-civ-spouse,,Husband,,Male,0.0,,50.0,United-States,
40.0,Federal-gov,298635.0,Masters,14.0,,Tech-support,Husband,Asian-Pac-Islander,Male,0.0,,40.0,,>50K
50.0,Private,184424.0,Some-college,10.0,,Adm-clerical,Wife,White,Female,0.0,1902.0,,United-States,
,Private,,,9.0,Married-civ-spouse,Craft-repair,Husband,,Male,0.0,1902.0,40.0,,
49.0,Private,142287.0,Some-college,,Married-civ-spouse,Adm-clerical,,White,Male,0.0,,,United-States,
,,402397.0,Masters,14.0,Married-civ-spouse,,Wife,White,Female,0.0,,60.0,United-States,>50K
57.0,Local-gov,118481.0,Bachelors,,Married-civ-spouse,Prof-specialty,Husband,White,,,1902.0,40.0,United-States,>50K
28.0,Local-gov,,,,,Prof-specialty,Wife,White,Female,0.0,,55.0,,<=50K
57.0,Private,20953.0,Some-college,10.0,Married-civ-spouse,,Husband,White,Male,0.0,1902.0,40.0,United-States,>50K
,Private,348430.0,Bachelors,,Married-civ-spouse,Prof-specialty,Husband,White,,0.0,,43.0,United-States,>50K
38.0,Private,169926.0,,12.0,,Exec-managerial,,White,,0.0,1902.0,40.0,United-States,
36.0,Self-emp-not-inc,,HS-grad,9.0,,Farming-fishing,,White,,0.0,1902.0,60.0,United-States,>50K
,Private,323706.0,,10.0,Married-civ-spouse,Exec-managerial,Husband,White,Male,0.0,1902.0,40.0,United-States,>50K
34.0,Self-emp-not-inc,77209.0,HS-grad,,Married-civ-spouse,Sales,Husband,White,Male,0.0,1902.0,,,>50K
51.0,Private,337195.0,,10.0,Married-civ-spouse,Sales,Husband,White,Male,0.0,1902.0,50.0,,>50K
46.0,Private,377401.0,HS-grad,9.0,,Transport-moving,Husband,,Male,0.0,,70.0,Canada,
33.0,Private,,Masters,14.0,Married-civ-spouse,,Husband,White,,0.0,1902.0,45.0,Germany,>50K
,State-gov,181824.0,Bachelors,,Married-civ-spouse,Prof-specialty,Wife,White,Female,0.0,1902.0,35.0,United-States,>50K
,,,Bachelors,13.0,Married-civ-spouse,Exec-managerial,Wife,White,Female,0.0,1902.0,35.0,United-States,>50K
59.0,Self-emp-not-inc,,HS-grad,,Married-civ-spouse,Exec-managerial,,White,,,1902.0,52.0,,
48.0,Private,194772.0,,12.0,,Sales,Husband,White,Male,0.0,1902.0,40.0,United-States,>50K
33.0,Private,112115.0,Bachelors,13.0,Married-civ-spouse,Exec-managerial,Husband,White,Male,0.0,1902.0,,United-States,
46.0,Private,459189.0,Some-college,10.0,Married-civ-spouse,Craft-repair,Husband,White,Male,0.0,1902.0,,United-States,>50K
53.0,,608184.0,Bachelors,13.0,,Exec-managerial,Husband,Black,Male,,1902.0,40.0,United-States,
,Private,165215.0,Masters,14.0,Married-civ-spouse,Prof-specialty,Wife,White,Female,0.0,1902.0,18.0,United-States,>50K
,Self-emp-not-inc,124692.0,HS-grad,9.0,Married-civ-spouse,Prof-specialty,Husband,White,Male,0.0,1902.0,,,
45.0,,360393.0,Masters,14.0,Married-civ-spouse,Exec-managerial,Husband,White,Male,0.0,1902.0,50.0,United-States,
42.0,,188291.0,Bachelors,,Married-civ-spouse,,Husband,,Male,0.0,1902.0,,,>50K
24.0,Self-emp-not-inc,,7th-8th,4.0,Married-civ-spouse,Transport-moving,Husband,White,,0.0,1902.0,40.0,,>50K
57.0,Private,173832.0,,13.0,Married-civ-spouse,Sales,Husband,White,Male,0.0,1902.0,40.0,United-States,
,Local-gov,,Bachelors,13.0,Married-civ-spouse,Prof-specialty,Husband,,,0.0,1902.0,,United-States,>50K
50.0,Private,320510.0,,13.0,,Exec-managerial,Husband,,Male,0.0,1902.0,40.0,United-States,>50K
50.0,,162327.0,Bachelors,13.0,Married-civ-spouse,,Husband,,,0.0,1902.0,50.0,?,>50K
52.0,Private,108435.0,Masters,14.0,Married-civ-spouse,,Husband,White,,0.0,1902.0,,Greece,>50K
46.0,,,Bachelors,13.0,Married-civ-spouse,Sales,,White,,0.0,1902.0,,?,>50K
44.0,Private,68729.0,,10.0,Married-civ-spouse,,Husband,Asian-Pac-Islander,Male,0.0,1902.0,40.0,,>50K
47.0,Self-emp-inc,,,13.0,Married-civ-spouse,Exec-managerial,,White,Male,,1902.0,,United-States,>50K
,,206951.0,Bachelors,13.0,Married-civ-spouse,Sales,Husband,,,0.0,1902.0,,United-States,>50K
34.0,Private,164190.0,Some-college,10.0,Married-civ-spouse,Prof-specialty,Husband,White,Male,0.0,1902.0,38.0,United-States,>50K
49.0,,148549.0,Bachelors,13.0,Married-civ-spouse,,Husband,White,Male,0.0,1902.0,50.0,,>50K
45.0,Private,,Bachelors,13.0,Married-civ-spouse,Sales,Husband,,Male,0.0,1902.0,45.0,United-States,>50K
46.0,Private,,,,Married-civ-spouse,Exec-managerial,Husband,,Male,0.0,,,United-States,>50K
,,96062.0,Bachelors,,Married-civ-spouse,Exec-managerial,Husband,White,Male,0.0,1902.0,48.0,United-States,>50K
63.0,State-gov,,,,Married-civ-spouse,Exec-managerial,Husband,,Male,0.0,1902.0,,United-States,>50K
52.0,Private,143953.0,Bachelors,,Married-civ-spouse,Prof-specialty,Husband,White,,0.0,1902.0,40.0,United-States,>50K
,Private,286750.0,,13.0,Married-civ-spouse,Exec-managerial,Husband,Black,Male,0.0,1902.0,40.0,,>50K
37.0,,,Bachelors,13.0,Married-civ-spouse,Sales,Husband,White,,0.0,1902.0,40.0,United-States,>50K
44.0,State-gov,136546.0,Doctorate,,Married-civ-spouse,Prof-specialty,Husband,White,Male,0.0,1902.0,40.0,United-States,>50K
53.0,Private,139671.0,Bachelors,13.0,Married-civ-spouse,,,,,,1902.0,,United-States,
,Private,,,,Married-civ-spouse,Tech-support,Husband,White,Male,0.0,1902.0,40.0,United-States,>50K
50.0,,289207.0,Doctorate,16.0,Married-civ-spouse,,,,Male,0.0,1902.0,,United-States,>50K
42.0,,108183.0,,,,Prof-specialty,Husband,Asian-Pac-Islander,Male,0.0,1902.0,40.0,South,
50.0,Private,138179.0,,12.0,,Craft-repair,Husband,,Male,0.0,1902.0,40.0,United-States,>50K
,Private,236396.0,Bachelors,13.0,,Sales,,White,Male,,1902.0,55.0,United-States,>50K
50.0,Local-gov,168672.0,Masters,14.0,Married-civ-spouse,Prof-specialty,Wife,White,Female,,1902.0,40.0,United-States,
32.0,Private,,Bachelors,,Married-civ-spouse,,Wife,White,,,1902.0,32.0,,
,Private,287306.0,HS-grad,,,Prof-specialty,Husband,White,Male,0.0,1902.0,40.0,United-States,>50K
,Private,,HS-grad,9.0,Married-civ-spouse,Exec-managerial,Husband,White,Male,0.0,,55.0,,>50K
,Private,277314.0,Assoc-acdm,,Married-civ-spouse,,Husband,Black,Male,0.0,1902.0,50.0,,>50K
,Self-emp-inc,140365.0,Bachelors,13.0,Married-civ-spouse,Exec-managerial,Husband,White,,0.0,1902.0,55.0,United-States,
39.0,,,Prof-school,15.0,Married-civ-spouse,Prof-specialty,Husband,,Male,,1902.0,50.0,United-States,>50K
42.0,Federal-gov,52781.0,,14.0,Married-civ-spouse,,,White,Male,0.0,,,United-States,>50K
31.0,Private,201122.0,,13.0,Married-civ-spouse,Sales,Husband,White,Male,0.0,,45.0,United-States,>50K
45.0,Private,341995.0,Assoc-voc,11.0,Married-civ-spouse,Prof-specialty,Husband,,,0.0,1902.0,42.0,United-States,
41.0,Private,106900.0,Bachelors,13.0,Married-civ-spouse,Tech-support,,,,0.0,,,United-States,>50K
48.0,Private,140782.0,,14.0,,Exec-managerial,Wife,,,,1902.0,38.0,United-States,>50K
,,161153.0,,,Married-civ-spouse,,Husband,White,Male,0.0,1902.0,55.0,,>50K
41.0,Private,267252.0,,10.0,,Machine-op-inspct,,Black,Male,,1902.0,40.0,United-States,
31.0,Self-emp-not-inc,,Bachelors,,Married-civ-spouse,Exec-managerial,,,Female,,1902.0,40.0,United-States,>50K
30.0,Self-emp-inc,173858.0,Some-college,10.0,Married-civ-spouse,,Husband,,Male,0.0,,,South,>50K
41.0,,352812.0,,10.0,Married-civ-spouse,Exec-managerial,Wife,White,Female,0.0,1902.0,40.0,United-States,>50K
,Private,109832.0,Masters,14.0,Married-civ-spouse,Prof-specialty,Husband,White,Male,0.0,,40.0,,>50K
60.0,,,Doctorate,16.0,Married-civ-spouse,Prof-specialty,Husband,White,,0.0,1902.0,40.0,United-States,>50K
38.0,Self-emp-not-inc,93206.0,Bachelors,13.0,,Exec-managerial,,,Male,,,65.0,,
46.0,,,5th-6th,3.0,Married-civ-spouse,Transport-moving,Husband,Amer-Indian-Eskimo,Male,0.0,1902.0,,,<=50K
28.0,,147560.0,,,Married-civ-spouse,Sales,Husband,White,,0.0,1902.0,55.0,United-States,
64.0,Self-emp-inc,59145.0,,16.0,,,Husband,White,Male,0.0,1902.0,60.0,United-States,>50K
,?,,Bachelors,13.0,Married-civ-spouse,?,Wife,White,,,1902.0,20.0,,>50K
42.0,Private,145711.0,,14.0,,Prof-specialty,Husband,,Male,0.0,1902.0,50.0,,>50K
43.0,,112181.0,Assoc-voc,11.0,Married-civ-spouse,,,White,Female,0.0,1902.0,32.0,United-States,>50K
61.0,Self-emp-inc,,Some-college,10.0,Married-civ-spouse,Sales,Husband,,,0.0,1902.0,35.0,,>50K
48.0,,,Doctorate,,Married-civ-spouse,Prof-specialty,Husband,,Male,0.0,1902.0,,,>50K
,Local-gov,114160.0,Masters,,Married-civ-spouse,Exec-managerial,Husband,,Male,,1902.0,45.0,United-States,>50K
44.0,Private,325461.0,Bachelors,13.0,Married-civ-spouse,Exec-managerial,Husband,White,Male,0.0,1902.0,50.0,United-States,
39.0,Federal-gov,30916.0,,10.0,Married-civ-spouse,,Husband,White,Male,0.0,1902.0,50.0,United-States,
,,,Bachelors,13.0,Married-civ-spouse,Sales,Husband,White,Male,,1902.0,,United-States,>50K
48.0,,,,16.0,Married-civ-spouse,Prof-specialty,,White,Male,0.0,1902.0,50.0,United-States,>50K
,Private,160786.0,11th,7.0,Married-civ-spouse,Craft-repair,Husband,White,Male,,1902.0,40.0,United-States,>50K
22.0,Federal-gov,32950.0,Some-college,10.0,Married-civ-spouse,Sales,Husband,White,,,1902.0,37.0,United-States,<=50K
51.0,,163671.0,Bachelors,,Married-civ-spouse,Exec-managerial,,,Male,,1902.0,40.0,United-States,<=50K
48.0,State-gov,,Some-college,10.0,Married-civ-spouse,Protective-serv,Husband,White,,0.0,,,United-States,>50K
52.0,Private,144361.0,Assoc-voc,11.0,Married-civ-spouse,Craft-repair,,White,Male,0.0,,40.0,United-States,>50K
31.0,Self-emp-not-inc,,HS-grad,,,Craft-repair,Husband,White,Male,0.0,1902.0,40.0,United-States,>50K
53.0,Private,,Bachelors,13.0,Married-civ-spouse,,Husband,White,Male,0.0,1902.0,,,>50K
51.0,Private,22211.0,,14.0,,Prof-specialty,Husband,White,Male,,1902.0,60.0,United-States,
,Local-gov,398986.0,Doctorate,16.0,Married-civ-spouse,Prof-specialty,,White,Female,,,52.0,United-States,>50K
25.0,,253267.0,,,Married-civ-spouse,Adm-clerical,,Black,,0.0,1902.0,36.0,United-States,>50K
46.0,,403911.0,,9.0,Married-civ-spouse,,Husband,Black,,0.0,1902.0,40.0,,>50K
57.0,,199768.0,HS-grad,9.0,Married-civ-spouse,Sales,Husband,White,Male,0.0,1902.0,30.0,,
44.0,,151089.0,Bachelors,13.0,Married-civ-spouse,Prof-specialty,,White,Male,0.0,1902.0,,United-States,>50K
42.0,,344624.0,HS-grad,9.0,Married-civ-spouse,,Husband,White,Male,0.0,1902.0,50.0,,
,Private,172297.0,Masters,14.0,,,Husband,White,,0.0,1902.0,,United-States,>50K
,Private,159187.0,Bachelors,,,Prof-specialty,Husband,White,Male,0.0,1902.0,55.0,United-States,>50K
54.0,State-gov,103179.0,Doctorate,16.0,,Exec-managerial,,White,,0.0,1902.0,,,
,,,,15.0,Married-civ-spouse,Prof-specialty,Husband,White,Male,,1902.0,,United-States,>50K
33.0,Private,154981.0,,13.0,,Adm-clerical,Husband,White,,0.0,1902.0,50.0,United-States,
38.0,,159179.0,Some-college,10.0,Married-civ-spouse,Exec-managerial,Husband,White,Male,0.0,1902.0,50.0,United-States,
50.0,Private,,,,Married-civ-spouse,Craft-repair,,White,,,,45.0,,>50K
46.0,Private,155659.0,11th,7.0,Married-civ-spouse,,Husband,White,Male,0.0,1902.0,40.0,United-States,>50K
41.0,Self-emp-not-inc,186909.0,,14.0,,Sales,Wife,White,Female,0.0,1902.0,35.0,,>50K
56.0,,193453.0,,13.0,,Prof-specialty,Husband,White,,0.0,1902.0,65.0,,>50K
39.0,Private,284166.0,Bachelors,13.0,,Prof-specialty,Husband,White,Male,0.0,,50.0,United-States,
46.0,Self-emp-not-inc,353012.0,Doctorate,16.0,Married-civ-spouse,Prof-specialty,Husband,White,Male,,1902.0,,United-States,
48.0,Local-gov,,7th-8th,4.0,Married-civ-spouse,Transport-moving,Husband,,Male,,,40.0,United-States,<=50K
35.0,Private,161637.0,Doctorate,,Married-civ-spouse,Prof-specialty,Husband,Asian-Pac-Islander,,,1902.0,40.0,Taiwan,>50K
56.0,Private,189975.0,,10.0,Married-civ-spouse,,Husband,White,,,1902.0,60.0,,>50K
,,213140.0,HS-grad,9.0,,Exec-managerial,Husband,White,Male,0.0,1902.0,60.0,United-States,>50K
61.0,State-gov,,Prof-school,,Married-civ-spouse,Prof-specialty,Husband,,,0.0,1902.0,40.0,United-States,>50K
43.0,Private,113324.0,HS-grad,9.0,Married-civ-spouse,Craft-repair,Husband,White,Male,0.0,1902.0,40.0,United-States,
,Private,193855.0,HS-grad,9.0,Married-civ-spouse,Craft-repair,Husband,White,Male,0.0,1902.0,50.0,,<=50K
43.0,Private,196545.0,Bachelors,13.0,,Machine-op-inspct,Husband,White,Male,0.0,1902.0,,United-States,>50K
41.0,Private,37869.0,,9.0,Married-civ-spouse,Sales,Husband,,Male,0.0,,,United-States,
61.0,?,202106.0,,9.0,Married-civ-spouse,,Husband,White,Male,0.0,1902.0,40.0,United-States,>50K
,,,Bachelors,13.0,Married-civ-spouse,,Husband,White,Male,0.0,1902.0,40.0,United-States,
58.0,Private,100313.0,Some-college,10.0,Married-civ-spouse,Protective-serv,Husband,,Male,0.0,1902.0,40.0,United-States,>50K
40.0,Private,146908.0,HS-grad,9.0,Married-civ-spouse,Prof-specialty,,White,Male,0.0,1902.0,40.0,,
44.0,State-gov,,,14.0,Married-civ-spouse,Exec-managerial,,White,,0.0,,40.0,,
40.0,Private,153238.0,Bachelors,13.0,Married-civ-spouse,Exec-managerial,Husband,,,0.0,1902.0,32.0,,>50K
58.0,Private,225394.0,HS-grad,9.0,Married-civ-spouse,,Husband,White,Male,0.0,1902.0,40.0,United-States,
48.0,Self-emp-not-inc,,HS-grad,9.0,Married-civ-spouse,Craft-repair,Husband,White,Male,0.0,1902.0,,,>50K
49.0,,165953.0,HS-grad,9.0,Married-civ-spouse,Machine-op-inspct,,White,Male,0.0,1902.0,,United-States,<=50K
50.0,Private,134766.0,Bachelors,13.0,,Exec-managerial,Husband,White,Male,,,50.0,United-States,>50K
43.0,Private,125461.0,Bachelors,13.0,Married-civ-spouse,Sales,Husband,White,Male,0.0,1902.0,55.0,,>50K
53.0,Private,48343.0,,9.0,Married-civ-spouse,,,White,Male,0.0,1902.0,,United-States,>50K
,,146659.0,,16.0,Married-civ-spouse,Prof-specialty,Husband,White,Male,,1902.0,50.0,United-States,
56.0,Self-emp-inc,208809.0,HS-grad,9.0,Married-civ-spouse,Sales,Husband,,,0.0,1902.0,,United-States,>50K
44.0,Private,35910.0,,,Married-civ-spouse,Exec-managerial,,,Male,0.0,1902.0,56.0,,>50K
29.0,Private,46442.0,Bachelors,13.0,Married-civ-spouse,Prof-specialty,,White,Female,0.0,1902.0,,,>50K
35.0,Private,139364.0,HS-grad,,,Sales,Husband,White,Male,0.0,1902.0,40.0,United-States,>50K
44.0,Private,,HS-grad,9.0,Married-civ-spouse,,Husband,White,Male,0.0,,40.0,United-States,>50K
34.0,,,,,,,Husband,White,Male,0.0,1902.0,48.0,,>50K
,Private,198341.0,Masters,14.0,Married-civ-spouse,Prof-specialty,Husband,Asian-Pac-Islander,Male,,1902.0,,India,>50K
43.0,Private,,Bachelors,,,Prof-specialty,Husband,White,Male,0.0,,40.0,,>50K
,Private,64960.0,,11.0,Married-civ-spouse,Prof-specialty,Husband,,,,,45.0,United-States,<=50K
50.0,,204577.0,Bachelors,13.0,Married-civ-spouse,?,,Black,Male,0.0,1902.0,60.0,,>50K
45.0,Private,47314.0,,10.0,,Craft-repair,Husband,White,Male,0.0,,40.0,?,>50K
,,108116.0,Bachelors,13.0,Married-civ-spouse,,Husband,White,Male,0.0,,,,>50K
33.0,Private,59083.0,Bachelors,,Married-civ-spouse,Adm-clerical,,White,Male,0.0,1902.0,45.0,United-States,>50K
43.0,Self-emp-not-inc,101534.0,,10.0,Married-civ-spouse,Exec-managerial,Husband,,,0.0,1902.0,,United-States,>50K
,,,HS-grad,9.0,Married-civ-spouse,Sales,,,Male,,,50.0,,>50K
36.0,Private,531055.0,,9.0,Married-civ-spouse,Craft-repair,,,,0.0,1902.0,48.0,United-States,>50K
50.0,Self-emp-not-inc,,,9.0,,Sales,Husband,,Male,0.0,1902.0,60.0,,>50K
27.0,,,HS-grad,9.0,Married-civ-spouse,Transport-moving,Husband,White,Male,0.0,,45.0,,<=50K
60.0,,,Prof-school,,Married-civ-spouse,Exec-managerial,,White,Male,,1902.0,,United-States,>50K
53.0,Private,,Masters,14.0,,Exec-managerial,Husband,,,0.0,1902.0,50.0,United-States,>50K
61.0,State-gov,379885.0,Doctorate,,Married-civ-spouse,,Husband,White,,0.0,1902.0,40.0,,>50K
32.0,,194740.0,,13.0,Married-civ-spouse,,,,Male,0.0,,,United-States,
52.0,Self-emp-inc,230767.0,Bachelors,13.0,,,Husband,White,Male,,1902.0,60.0,,>50K
37.0,Private,,HS-grad,9.0,,Exec-managerial,Husband,White,Male,0.0,1902.0,55.0,,>50K
33.0,Private,51471.0,HS-grad,9.0,Married-civ-spouse,Tech-support,,White,,,1902.0,40.0,United-States,>50K
57.0,Self-emp-not-inc,413373.0,Doctorate,16.0,Married-civ-spouse,,Husband,,Male,0.0,1902.0,,United-States,>50K
43.0,Private,266324.0,HS-grad,9.0,Married-civ-spouse,,Husband,,Male,,,99.0,United-States,
,Private,102615.0,HS-grad,9.0,,Exec-managerial,,White,,0.0,,40.0,United-States,
43.0,Private,,Some-college,,Married-civ-spouse,,Husband,White,,0.0,1902.0,,,>50K
45.0,Private,265097.0,HS-grad,9.0,Married-civ-spouse,Other-service,Husband,White,,,1902.0,40.0,United-States,>50K
,,162834.0,HS-grad,9.0,Married-civ-spouse,Sales,Husband,White,Male,0.0,1902.0,45.0,United-States,>50K
31.0,Private,183801.0,Masters,14.0,,Prof-specialty,Husband,,Male,0.0,1902.0,43.0,,>50K
,Private,,Assoc-acdm,12.0,,Craft-repair,,,,,1902.0,50.0,United-States,>50K
56.0,,335605.0,,9.0,Married-civ-spouse,,Husband,White,Male,0.0,1887.0,50.0,Canada,>50K
43.0,,,Some-college,10.0,,Prof-specialty,Wife,White,Female,0.0,1887.0,,,>50K
28.0,?,123147.0,,10.0,Married-civ-spouse,?,Wife,White,Female,0.0,1887.0,,United-States,>50K
,,25826.0,10th,6.0,,Craft-repair,Husband,White,Male,0.0,1887.0,47.0,United-States,
38.0,,189623.0,Bachelors,13.0,Married-civ-spouse,Prof-specialty,Husband,,Male,,1887.0,40.0,,
40.0,Local-gov,289403.0,7th-8th,4.0,Married-civ-spouse,Craft-repair,Husband,,Male,,1887.0,,,>50K
57.0,,173796.0,HS-grad,9.0,,,Husband,White,Male,0.0,1887.0,40.0,United-States,>50K
41.0,,,Some-college,10.0,Married-civ-spouse,Craft-repair,Husband,White,Male,,,50.0,United-States,
,Private,,HS-grad,9.0,Married-civ-spouse,Exec-managerial,Husband,White,Male,0.0,,,,>50K
42.0,Private,,HS-grad,9.0,Married-civ-spouse,Craft-repair,Husband,White,Male,0.0,,,United-States,>50K
44.0,Private,146659.0,Masters,,Married-civ-spouse,,Husband,White,Male,,1887.0,35.0,,>50K
39.0,Private,77146.0,,,Married-civ-spouse,Exec-managerial,Husband,White,Male,0.0,,50.0,United-States,>50K
53.0,Federal-gov,173093.0,Some-college,,,Exec-managerial,Wife,,Female,,1887.0,40.0,Philippines,
51.0,Private,191659.0,Some-college,,Married-civ-spouse,Exec-managerial,,White,Male,0.0,1887.0,65.0,,
38.0,Private,278924.0,,13.0,Married-civ-spouse,Exec-managerial,Husband,,,0.0,1887.0,50.0,United-States,>50K
43.0,,96102.0,Some-college,,,Protective-serv,,,Male,0.0,1887.0,40.0,,>50K
,,117963.0,,,Married-civ-spouse,Exec-managerial,Husband,White,,0.0,1887.0,60.0,,>50K
43.0,Private,293305.0,Bachelors,13.0,Married-civ-spouse,Sales,Husband,White,Male,,,40.0,United-States,>50K
35.0,Private,152909.0,Bachelors,13.0,Married-civ-spouse,Exec-managerial,Husband,White,Male,0.0,1887.0,45.0,United-States,>50K
41.0,Private,,Some-college,10.0,Married-civ-spouse,,Husband,White,Male,0.0,,,,>50K
45.0,Private,120131.0,Some-college,10.0,Married-civ-spouse,,Husband,White,Male,0.0,1887.0,40.0,United-States,>50K
59.0,Private,168569.0,HS-grad,,,Machine-op-inspct,Husband,White,Male,,1887.0,40.0,United-States,>50K
30.0,,226443.0,Masters,14.0,Married-civ-spouse,,Husband,White,,0.0,1887.0,45.0,,>50K
32.0,,,,13.0,Married-civ-spouse,Protective-serv,Husband,,Male,,1887.0,45.0,,>50K
39.0,Federal-gov,99146.0,Bachelors,13.0,Married-civ-spouse,Protective-serv,Husband,White,Male,0.0,1887.0,60.0,United-States,
43.0,,396758.0,Bachelors,13.0,Married-civ-spouse,Prof-specialty,Wife,White,Female,0.0,,70.0,United-States,>50K
,Private,116539.0,Bachelors,13.0,Married-civ-spouse,Exec-managerial,Husband,White,Male,0.0,1887.0,55.0,United-States,>50K
39.0,Local-gov,,HS-grad,,Married-civ-spouse,Protective-serv,,White,Male,0.0,1887.0,40.0,United-States,
37.0,Local-gov,,Bachelors,13.0,Married-civ-spouse,Prof-specialty,,White,Male,,,40.0,United-States,
,Private,182274.0,,,Married-civ-spouse,Exec-managerial,Wife,White,Female,0.0,,,United-States,>50K
46.0,Private,114032.0,,10.0,Married-civ-spouse,,Husband,White,Male,0.0,1887.0,,United-States,>50K
,Local-gov,146325.0,Doctorate,,Married-civ-spouse,Prof-specialty,,White,,,1887.0,40.0,United-States,>50K
29.0,,,HS-grad,9.0,Married-civ-spouse,Sales,,White,Male,,,,United-States,>50K
,,195136.0,Bachelors,13.0,Married-civ-spouse,,,White,Female,0.0,1887.0,40.0,United-States,>50K
50.0,Private,285200.0,Some-college,,Married-civ-spouse,Craft-repair,,White,,,1887.0,35.0,,>50K
,Private,207668.0,Some-college,,,Handlers-cleaners,,White,,0.0,,40.0,United-States,
58.0,Private,222247.0,,6.0,Married-civ-spouse,Transport-moving,Husband,White,Male,0.0,1887.0,40.0,United-States,
56.0,Self-emp-not-inc,162130.0,5th-6th,3.0,Married-civ-spouse,Exec-managerial,Husband,White,Male,0.0,,67.0,United-States,>50K
,Self-emp-not-inc,234960.0,,13.0,Married-civ-spouse,Prof-specialty,,Black,Male,0.0,1887.0,48.0,United-States,>50K
36.0,Local-gov,410034.0,Bachelors,13.0,Married-civ-spouse,Prof-specialty,Husband,,Male,0.0,1887.0,40.0,,>50K
46.0,,54985.0,HS-grad,,Married-civ-spouse,Machine-op-inspct,Husband,White,Male,0.0,1887.0,40.0,United-States,>50K
35.0,Private,,Bachelors,13.0,Married-civ-spouse,Exec-managerial,,,,0.0,1887.0,,?,>50K
50.0,Self-emp-not-inc,312477.0,HS-grad,9.0,Married-civ-spouse,,Husband,White,,0.0,,,United-States,>50K
27.0,Self-emp-inc,120126.0,Bachelors,13.0,Married-civ-spouse,Exec-managerial,Husband,,Male,0.0,1887.0,45.0,United-States,>50K
32.0,Private,185027.0,,,Married-civ-spouse,Craft-repair,Husband,White,Male,0.0,1887.0,40.0,Ireland,
,,,HS-grad,9.0,Married-civ-spouse,Exec-managerial,Husband,White,Male,0.0,,70.0,,
39.0,Private,355468.0,HS-grad,,,Sales,Husband,,Male,,,46.0,,>50K
33.0,,34748.0,HS-grad,9.0,Married-civ-spouse,,Wife,White,,0.0,1887.0,20.0,United-States,>50K
59.0,Federal-gov,117299.0,HS-grad,9.0,Married-civ-spouse,Craft-repair,,White,Male,0.0,1887.0,40.0,United-States,>50K
59.0,,,Some-college,10.0,,,Husband,White,,0.0,1887.0,55.0,United-States,>50K
,State-gov,155594.0,Some-college,10.0,Married-civ-spouse,Sales,Husband,White,Male,0.0,1887.0,40.0,,
37.0,Private,167735.0,Assoc-voc,11.0,Married-civ-spouse,Craft-repair,Husband,White,,0.0,,40.0,United-States,>50K
,,,,9.0,,Tech-support,,Black,Male,0.0,1887.0,,Trinadad&Tobago,
25.0,,203871.0,Assoc-voc,,Married-civ-spouse,Prof-specialty,Wife,White,Female,0.0,1887.0,40.0,United-States,>50K
54.0,,163671.0,HS-grad,,Married-civ-spouse,Transport-moving,Husband,White,Male,0.0,1887.0,65.0,United-States,>50K
47.0,Local-gov,162187.0,Some-college,10.0,,,Husband,White,Male,0.0,1887.0,,United-States,>50K
,State-gov,,Doctorate,16.0,Married-civ-spouse,Prof-specialty,,White,Male,0.0,1887.0,70.0,,>50K
,Private,104196.0,,13.0,Married-civ-spouse,Prof-specialty,Husband,White,Male,0.0,1887.0,40.0,United-States,
27.0,Private,,Bachelors,13.0,,,Husband,White,,0.0,1887.0,60.0,,>50K
,Private,467579.0,,13.0,Married-civ-spouse,,Husband,Black,Male,0.0,,40.0,United-States,>50K
41.0,Self-emp-inc,223671.0,,9.0,Married-civ-spouse,Sales,,White,Male,0.0,1887.0,55.0,United-States,
41.0,Private,174575.0,HS-grad,9.0,,Transport-moving,Husband,White,Male,,1887.0,,,
,Private,150876.0,HS-grad,9.0,Married-civ-spouse,Exec-managerial,Husband,,Male,0.0,1887.0,55.0,United-States,>50K
36.0,,99146.0,Some-college,10.0,Married-civ-spouse,,Husband,,Male,0.0,1887.0,40.0,United-States,>50K
,Private,169117.0,HS-grad,9.0,,Adm-clerical,Wife,Black,Female,0.0,1887.0,40.0,United-States,>50K
,Private,,Some-college,10.0,Married-civ-spouse,Sales,,White,Male,0.0,,,United-States,
61.0,Self-emp-not-inc,215591.0,,9.0,Married-civ-spouse,,Husband,White,Male,0.0,,40.0,,>50K
,Local-gov,132879.0,Bachelors,13.0,,Prof-specialty,Husband,White,Male,0.0,1887.0,,United-States,
,Private,168232.0,HS-grad,9.0,Married-civ-spouse,,Husband,White,,0.0,1887.0,,,>50K
45.0,Private,,HS-grad,9.0,Married-civ-spouse,Machine-op-inspct,Husband,White,,0.0,,40.0,United-States,>50K
,State-gov,,HS-grad,,,Tech-support,,White,Female,0.0,1887.0,40.0,United-States,>50K
,,43712.0,11th,7.0,Married-civ-spouse,Exec-managerial,Husband,White,,0.0,1887.0,45.0,,>50K
,Private,314153.0,Bachelors,13.0,Married-civ-spouse,,Husband,White,Male,0.0,,55.0,United-States,>50K
38.0,Self-emp-not-inc,,10th,,Married-civ-spouse,Sales,,White,,0.0,1887.0,40.0,,>50K
28.0,Private,,Bachelors,,,Adm-clerical,Husband,White,Male,,1887.0,,,>50K
,Private,187802.0,Some-college,10.0,Married-civ-spouse,Handlers-cleaners,Husband,,Male,0.0,1887.0,40.0,United-States,>50K
36.0,Private,,Bachelors,13.0,,Prof-specialty,Husband,White,Male,0.0,,,United-States,
,Private,180667.0,HS-grad,9.0,,Craft-repair,,White,Male,0.0,1887.0,,United-States,
,Self-emp-not-inc,146161.0,HS-grad,9.0,,Exec-managerial,,White,Male,0.0,1887.0,50.0,United-States,>50K
35.0,,,HS-grad,,,Adm-clerical,,White,Female,,1887.0,,United-States,>50K
,Self-emp-not-inc,,HS-grad,9.0,Married-civ-spouse,Transport-moving,Husband,White,,0.0,1887.0,60.0,United-States,>50K
55.0,Private,193130.0,HS-grad,9.0,Married-civ-spouse,Handlers-cleaners,Husband,White,Male,0.0,1887.0,,United-States,>50K
29.0,Private,,HS-grad,9.0,Married-civ-spouse,Machine-op-inspct,Husband,,Male,,,30.0,,
37.0,Self-emp-inc,183800.0,,12.0,Married-civ-spouse,Sales,Husband,White,Male,,1887.0,40.0,,
36.0,Private,86459.0,Assoc-voc,11.0,,Exec-managerial,Husband,,Male,0.0,1887.0,50.0,,>50K
42.0,?,212206.0,,14.0,,,,,,0.0,,48.0,United-States,>50K
40.0,,174283.0,Doctorate,16.0,,Prof-specialty,Husband,,Male,0.0,1887.0,50.0,United-States,>50K
26.0,Private,164488.0,Masters,,Married-civ-spouse,Prof-specialty,Husband,White,Male,,1887.0,40.0,United-States,>50K
44.0,Private,,,14.0,Married-civ-spouse,Prof-specialty,Husband,White,Male,0.0,1887.0,60.0,,>50K
47.0,Private,284871.0,Bachelors,13.0,Married-civ-spouse,Exec-managerial,Husband,White,Male,0.0,1887.0,,United-States,>50K
35.0,Private,185556.0,Masters,14.0,Married-civ-spouse,Prof-specialty,Husband,,Male,0.0,1887.0,,,>50K
58.0,Private,34788.0,,10.0,Married-civ-spouse,,Husband,White,Male,0.0,1887.0,40.0,,>50K
,,125831.0,HS-grad,9.0,Married-civ-spouse,Sales,Husband,White,,0.0,1887.0,55.0,United-States,
41.0,Private,,HS-grad,9.0,Married-civ-spouse,Craft-repair,,,Male,0.0,1887.0,,United-States,>50K
38.0,Local-gov,286405.0,Doctorate,16.0,,Exec-managerial,Husband,White,Male,,,50.0,United-States,
,Self-emp-not-inc,122307.0,Bachelors,,,Sales,Husband,White,Male,,,,,
39.0,Private,176296.0,HS-grad,9.0,,,Husband,,Male,0.0,1887.0,,United-States,
42.0,Private,173704.0,Some-college,10.0,,,Husband,,Male,,,50.0,United-States,>50K
42.0,Private,212894.0,Bachelors,13.0,Married-civ-spouse,Sales,Husband,,,0.0,1887.0,,United-States,>50K
37.0,,,Assoc-voc,11.0,Married-civ-spouse,Prof-specialty,Wife,White,Female,0.0,1887.0,,United-States,>50K
,,214242.0,Bachelors,13.0,Married-civ-spouse,Prof-specialty,Husband,White,Male,0.0,1887.0,40.0,United-States,>50K
51.0,Private,110747.0,HS-grad,9.0,Married-civ-spouse,Craft-repair,Husband,,Male,0.0,,40.0,United-States,>50K
50.0,Private,,Bachelors,13.0,,Craft-repair,Husband,White,Male,0.0,,50.0,United-States,
43.0,Private,,10th,,,Machine-op-inspct,Husband,Black,,0.0,1887.0,40.0,United-States,>50K
28.0,Private,141957.0,Assoc-acdm,12.0,Married-civ-spouse,Tech-support,Husband,White,Male,0.0,,70.0,United-States,>50K
,Self-emp-inc,111319.0,Assoc-acdm,12.0,,Sales,,White,Male,0.0,1887.0,45.0,United-States,
59.0,,,HS-grad,9.0,Married-civ-spouse,Exec-managerial,Husband,White,Male,0.0,,40.0,United-States,>50K
28.0,Private,,Bachelors,,Married-civ-spouse,Prof-specialty,Husband,White,Male,0.0,,40.0,United-States,>50K
42.0,Self-emp-not-inc,185129.0,Prof-school,15.0,Married-civ-spouse,Prof-specialty,,,Male,0.0,1887.0,,United-States,>50K
51.0,,,,14.0,,,,White,,0.0,1887.0,47.0,United-States,>50K
,Private,215990.0,Masters,14.0,Married-civ-spouse,Exec-managerial,Husband,White,Male,0.0,1887.0,44.0,United-States,>50K
45.0,Private,,HS-grad,,Married-civ-spouse,Craft-repair,Husband,,Male,0.0,1887.0,,United-States,>50K
38.0,Local-gov,172855.0,Bachelors,13.0,Married-civ-spouse,Prof-specialty,Wife,Black,Female,0.0,1887.0,40.0,,>50K
,,344415.0,Masters,,Married-civ-spouse,Armed-Forces,,White,Male,0.0,1887.0,40.0,United-States,>50K
33.0,Local-gov,182971.0,Some-college,10.0,,Protective-serv,Husband,White,Male,0.0,,40.0,United-States,>50K
,Private,,Bachelors,13.0,Married-civ-spouse,Exec-managerial,,White,Male,0.0,,,,>50K
36.0,Local-gov,52532.0,Doctorate,16.0,Married-civ-spouse,Prof-specialty,,White,Male,0.0,1887.0,50.0,United-States,>50K
61.0,Federal-gov,229062.0,Some-college,10.0,Married-civ-spouse,,,White,,0.0,,40.0,United-States,
30.0,Self-emp-inc,127651.0,HS-grad,9.0,Married-civ-spouse,Craft-repair,Husband,White,,0.0,1887.0,48.0,United-States,>50K
50.0,Private,213290.0,,11.0,Married-civ-spouse,Prof-specialty,,White,Female,,,36.0,United-States,
58.0,,314092.0,Assoc-voc,11.0,Married-civ-spouse,Craft-repair,Husband,White,Male,0.0,,48.0,,>50K
,Private,,Bachelors,,Married-civ-spouse,Machine-op-inspct,,White,Male,0.0,1887.0,40.0,United-States,
40.0,,119101.0,Some-college,10.0,Married-civ-spouse,Craft-repair,Husband,,,0.0,1887.0,68.0,United-States,>50K
55.0,Federal-gov,238192.0,HS-grad,9.0,Married-civ-spouse,Tech-support,Husband,,,0.0,1887.0,40.0,United-States,>50K
52.0,,159755.0,Bachelors,13.0,,Exec-managerial,,White,Male,0.0,1887.0,40.0,,
,Self-emp-not-inc,343190.0,Some-college,10.0,Married-civ-spouse,,Husband,White,Male,,1887.0,,United-States,>50K
39.0,,376455.0,Prof-school,15.0,Married-civ-spouse,Prof-specialty,Husband,,Male,,,,United-States,>50K
45.0,,,,,,,Husband,White,Male,0.0,,60.0,United-States,>50K
42.0,,,Bachelors,,,Prof-specialty,Husband,White,,0.0,1887.0,40.0,United-States,>50K
29.0,Private,,Some-college,10.0,Married-civ-spouse,Exec-managerial,,,Male,0.0,1887.0,,United-States,>50K
46.0,Private,102318.0,Some-college,10.0,Married-civ-spouse,Transport-moving,Husband,White,Male,0.0,,,,>50K
55.0,Private,110748.0,,13.0,Married-civ-spouse,Exec-managerial,Husband,White,Male,0.0,1887.0,40.0,United-States,>50K
33.0,Self-emp-not-inc,170979.0,Prof-school,15.0,Married-civ-spouse,Prof-specialty,Husband,White,Male,0.0,1887.0,40.0,United-States,>50K
,Private,,Some-college,,,,Husband,,,0.0,1887.0,60.0,,>50K
37.0,Private,73471.0,Bachelors,,Married-civ-spouse,,,,Male,0.0,1887.0,,United-States,>50K
,Self-emp-inc,,Assoc-acdm,12.0,Married-civ-spouse,Sales,Husband,White,Male,,1887.0,,,
43.0,State-gov,24763.0,Masters,14.0,Married-civ-spouse,Prof-specialty,Husband,White,Male,,,,,
36.0,Private,33394.0,,13.0,Married-civ-spouse,Sales,Husband,White,Male,0.0,1887.0,,United-States,>50K
55.0,Private,359972.0,Bachelors,13.0,Married-civ-spouse,Exec-managerial,Husband,White,Male,0.0,,40.0,United-States,>50K
34.0,,242984.0,,9.0,,Exec-managerial,Husband,White,Male,0.0,1887.0,,,
29.0,Private,,,,,Machine-op-inspct,Husband,White,,0.0,1887.0,48.0,United-States,>50K
37.0,Private,265737.0,,10.0,Married-civ-spouse,Exec-managerial,Husband,,,0.0,1887.0,60.0,Cuba,
42.0,Private,230959.0,Bachelors,13.0,Married-civ-spouse,Adm-clerical,Wife,Asian-Pac-Islander,Female,0.0,1887.0,40.0,Philippines,>50K
41.0,,111772.0,Assoc-acdm,,Married-civ-spouse,Craft-repair,Husband,,Male,0.0,,,,>50K
,Local-gov,199590.0,,,,Craft-repair,,White,Male,,1887.0,40.0,,
35.0,Private,267866.0,HS-grad,9.0,Married-civ-spouse,,Husband,Asian-Pac-Islander,,0.0,1887.0,50.0,Iran,>50K
,,115023.0,,11.0,Married-civ-spouse,Craft-repair,,White,Male,0.0,,60.0,,
49.0,Private,,Some-college,10.0,,,,,Male,,1887.0,40.0,United-States,>50K
52.0,Self-emp-not-inc,,HS-grad,9.0,,Farming-fishing,Husband,,,,1887.0,60.0,,>50K
46.0,Local-gov,238162.0,,12.0,Married-civ-spouse,Protective-serv,Husband,White,Male,,1887.0,,United-States,>50K
23.0,Private,143003.0,,14.0,Married-civ-spouse,,Husband,Asian-Pac-Islander,,0.0,,50.0,India,>50K
36.0,Private,334291.0,Some-college,,Married-civ-spouse,Craft-repair,Husband,White,,0.0,1887.0,40.0,United-States,>50K
43.0,Local-gov,34640.0,,9.0,Married-civ-spouse,Exec-managerial,,Other,Male,0.0,1887.0,40.0,United-States,>50K
35.0,Local-gov,116960.0,Masters,14.0,,Prof-specialty,Husband,White,Male,0.0,1887.0,,United-States,
39.0,Private,128392.0,HS-grad,,Married-civ-spouse,,Husband,,Male,0.0,1887.0,,,>50K
,Private,30529.0,Bachelors,,,Exec-managerial,Husband,White,Male,0.0,1887.0,40.0,United-States,>50K
47.0,Local-gov,324791.0,,14.0,Married-civ-spouse,Prof-specialty,Husband,White,Male,0.0,1887.0,50.0,United-States,>50K
,Local-gov,186303.0,Some-college,10.0,Married-civ-spouse,,,White,,,1887.0,40.0,,>50K
53.0,Private,304504.0,Some-college,,,Transport-moving,,White,,0.0,1887.0,45.0,,>50K
26.0,Private,397317.0,Masters,14.0,,Prof-specialty,,White,Female,0.0,1876.0,40.0,United-States,
52.0,Private,186785.0,HS-grad,9.0,Never-married,Sales,Not-in-family,White,Male,,1876.0,,United-States,
,,123273.0,5th-6th,,Divorced,Transport-moving,Not-in-family,White,Male,0.0,1876.0,,United-States,<=50K
28.0,Local-gov,154863.0,HS-grad,9.0,,Protective-serv,Other-relative,Black,Male,0.0,1876.0,40.0,,
42.0,Private,,,14.0,Divorced,Prof-specialty,Not-in-family,White,Female,0.0,1876.0,,United-States,<=50K
,Local-gov,101593.0,Masters,14.0,Never-married,Prof-specialty,Not-in-family,White,Male,0.0,,42.0,United-States,<=50K
51.0,Private,138179.0,HS-grad,9.0,,Machine-op-inspct,,White,Male,0.0,,40.0,United-States,<=50K
,,86551.0,HS-grad,9.0,,Craft-repair,Not-in-family,White,Male,0.0,1876.0,40.0,United-States,
,,112497.0,Bachelors,,Divorced,Prof-specialty,,White,Male,,1876.0,44.0,,<=50K
45.0,Private,,Some-college,10.0,Divorced,Exec-managerial,Not-in-family,White,Male,0.0,,,United-States,<=50K
,Private,175387.0,Bachelors,,Never-married,,Not-in-family,White,Male,,,40.0,United-States,
40.0,Local-gov,105717.0,Masters,14.0,Never-married,Adm-clerical,Not-in-family,,,,1876.0,35.0,,<=50K
25.0,Private,,Bachelors,,Never-married,Sales,Not-in-family,White,Female,0.0,,,,<=50K
47.0,Private,151584.0,HS-grad,9.0,,Sales,,,Male,0.0,1876.0,40.0,United-States,<=50K
32.0,,244147.0,,13.0,Never-married,Prof-specialty,Not-in-family,White,,,1876.0,,United-States,<=50K
53.0,,122109.0,HS-grad,9.0,Separated,Adm-clerical,,,Female,,1876.0,38.0,United-States,<=50K
32.0,Private,226975.0,Some-college,,Never-married,,Own-child,White,Male,0.0,1876.0,60.0,United-States,<=50K
49.0,Private,149949.0,HS-grad,9.0,,,Not-in-family,,Male,0.0,1876.0,40.0,,<=50K
27.0,Private,34273.0,Assoc-voc,11.0,Never-married,,Not-in-family,White,Female,0.0,1876.0,36.0,Canada,<=50K
26.0,,82246.0,Bachelors,13.0,,,,White,,0.0,1876.0,38.0,,<=50K
60.0,Self-emp-not-inc,73091.0,HS-grad,9.0,Separated,Other-service,,Black,Male,0.0,1876.0,50.0,,<=50K
56.0,Self-emp-not-inc,50791.0,Masters,14.0,Divorced,Sales,Not-in-family,White,Male,0.0,1876.0,60.0,United-States,
,Private,201393.0,Assoc-acdm,12.0,Divorced,Adm-clerical,,White,Male,0.0,1876.0,,United-States,<=50K
39.0,Private,114844.0,Bachelors,13.0,Never-married,Sales,Not-in-family,,Male,,,50.0,United-States,<=50K
53.0,,,,14.0,,Prof-specialty,Unmarried,,Female,0.0,,38.0,United-States,<=50K
27.0,Private,,Some-college,10.0,Never-married,Craft-repair,Not-in-family,Asian-Pac-Islander,Male,,1876.0,45.0,Cambodia,
46.0,,175754.0,,14.0,Divorced,Prof-specialty,,White,Female,0.0,1876.0,,United-States,
30.0,Private,,HS-grad,,Never-married,Exec-managerial,Not-in-family,White,,0.0,,45.0,United-States,<=50K
38.0,Local-gov,329980.0,,9.0,,Craft-repair,Not-in-family,White,Male,0.0,1876.0,,,
,Private,,Bachelors,13.0,,Prof-specialty,,White,,0.0,1876.0,40.0,,<=50K
,Private,38918.0,,,Never-married,Transport-moving,Not-in-family,,Male,0.0,1876.0,75.0,,<=50K
43.0,Private,81243.0,,13.0,Divorced,,Not-in-family,,Male,0.0,1876.0,40.0,United-States,<=50K
30.0,,164552.0,Bachelors,,Never-married,Prof-specialty,,White,Male,0.0,1876.0,40.0,United-States,<=50K
25.0,Private,117833.0,Bachelors,,Never-married,Prof-specialty,Not-in-family,,,,1876.0,40.0,,<=50K
26.0,Self-emp-not-inc,177858.0,Bachelors,13.0,Divorced,Exec-managerial,Not-in-family,White,,0.0,1876.0,38.0,United-States,
53.0,,103995.0,Bachelors,13.0,Divorced,Prof-specialty,Not-in-family,,Female,0.0,,54.0,,<=50K
39.0,Private,347491.0,11th,7.0,Divorced,Craft-repair,Not-in-family,,Male,0.0,1876.0,46.0,United-States,<=50K
47.0,Local-gov,154033.0,Some-college,10.0,Divorced,,Not-in-family,,,,1876.0,40.0,United-States,<=50K
44.0,Private,150533.0,Some-college,10.0,Separated,Craft-repair,Not-in-family,White,Male,0.0,1876.0,,United-States,<=50K
61.0,Self-emp-not-inc,30073.0,HS-grad,9.0,Married-civ-spouse,Farming-fishing,Husband,White,Male,0.0,1848.0,60.0,,>50K
44.0,Private,216907.0,Assoc-acdm,12.0,Married-civ-spouse,Craft-repair,,White,Male,0.0,,,,>50K
28.0,Private,303954.0,,,Married-civ-spouse,Craft-repair,Husband,White,Male,,1848.0,42.0,United-States,>50K
,,223212.0,Bachelors,13.0,,Prof-specialty,Husband,White,Male,,,40.0,Peru,>50K
39.0,Private,218490.0,Bachelors,13.0,Married-civ-spouse,Sales,Husband,White,,0.0,1848.0,40.0,United-States,
41.0,,121718.0,Assoc-voc,11.0,,,Husband,,,0.0,1848.0,48.0,,>50K
,,340110.0,Bachelors,13.0,,Exec-managerial,Husband,,Male,0.0,1848.0,70.0,United-States,
34.0,Private,155343.0,,,Married-civ-spouse,Craft-repair,,,,0.0,,,United-States,>50K
30.0,,174789.0,Assoc-acdm,12.0,,Exec-managerial,Husband,,Male,0.0,1848.0,50.0,United-States,>50K
30.0,Private,220148.0,HS-grad,9.0,Married-civ-spouse,,Husband,,,0.0,1848.0,50.0,United-States,>50K
33.0,Local-gov,173005.0,Bachelors,,Married-civ-spouse,Adm-clerical,,White,,0.0,1848.0,45.0,United-States,>50K
60.0,?,,HS-grad,,,?,,,,,,40.0,,
,Private,,,9.0,Married-civ-spouse,Craft-repair,Husband,,Male,0.0,1848.0,,United-States,>50K
,Private,,HS-grad,9.0,Married-civ-spouse,Tech-support,Husband,White,Male,0.0,1848.0,40.0,,>50K
27.0,Private,285897.0,HS-grad,9.0,Married-civ-spouse,Prof-specialty,,White,Male,0.0,,,United-States,>50K
37.0,Self-emp-not-inc,241463.0,,,Married-civ-spouse,Exec-managerial,Husband,White,Male,0.0,1848.0,65.0,United-States,>50K
30.0,Private,206046.0,HS-grad,9.0,Married-civ-spouse,,Husband,,Male,0.0,1848.0,40.0,,>50K
49.0,Private,102583.0,Some-college,10.0,Married-civ-spouse,Prof-specialty,,White,Male,0.0,1848.0,44.0,,>50K
52.0,State-gov,125796.0,,,Married-civ-spouse,Prof-specialty,Wife,Black,Female,,1848.0,40.0,United-States,
,,423605.0,12th,8.0,Married-civ-spouse,Transport-moving,Husband,,,0.0,1848.0,,Nicaragua,>50K
37.0,Private,204277.0,,9.0,Married-civ-spouse,Machine-op-inspct,Husband,White,Male,0.0,,,United-States,>50K
39.0,Private,186191.0,,,Married-civ-spouse,Prof-specialty,Husband,White,Male,0.0,1848.0,,United-States,>50K
,Private,172571.0,Bachelors,13.0,,Exec-managerial,,White,,,1848.0,,United-States,
44.0,Private,192381.0,Bachelors,13.0,Married-civ-spouse,Prof-specialty,Husband,White,Male,0.0,1848.0,40.0,United-States,
,Private,,Some-college,10.0,Married-civ-spouse,Craft-repair,,,,0.0,1848.0,,United-States,
54.0,Private,93605.0,HS-grad,,Married-civ-spouse,Sales,Husband,White,Male,0.0,,40.0,United-States,>50K
58.0,,156040.0,,12.0,Married-civ-spouse,Machine-op-inspct,,,Male,0.0,1848.0,,United-States,>50K
36.0,Federal-gov,186934.0,Bachelors,,Married-civ-spouse,,,White,Male,,,,United-States,>50K
45.0,,223999.0,9th,5.0,Married-civ-spouse,,Husband,White,Male,0.0,1848.0,40.0,,>50K
46.0,Federal-gov,349230.0,Assoc-voc,11.0,Married-civ-spouse,,,,Male,0.0,1848.0,,United-States,
41.0,,351161.0,HS-grad,9.0,,,Husband,,,0.0,1848.0,45.0,United-States,>50K
41.0,,36651.0,,,,,Husband,White,Male,,,,United-States,>50K
34.0,,55717.0,HS-grad,9.0,Married-civ-spouse,Craft-repair,Husband,White,Male,0.0,1848.0,50.0,United-States,>50K
,Federal-gov,,,16.0,Married-civ-spouse,,Husband,White,Male,,,40.0,United-States,
,Private,383058.0,,,Married-civ-spouse,Sales,Husband,White,,0.0,1848.0,,,
,Private,204049.0,,10.0,Married-civ-spouse,Sales,Husband,White,Male,0.0,1848.0,,,>50K
48.0,,,HS-grad,,Married-civ-spouse,Tech-support,Wife,White,Female,,,,United-States,>50K
40.0,,,Assoc-acdm,,,,Husband,White,Male,0.0,,55.0,United-States,>50K
,,231377.0,Some-college,10.0,Married-civ-spouse,Exec-managerial,Husband,White,Male,0.0,,,United-States,>50K
,Private,168854.0,Bachelors,13.0,Married-civ-spouse,,Husband,White,Male,0.0,1848.0,50.0,United-States,>50K
29.0,Local-gov,190525.0,Bachelors,13.0,,Prof-specialty,Husband,White,Male,,1848.0,60.0,Germany,>50K
,,,HS-grad,9.0,Married-civ-spouse,,Husband,White,Male,0.0,1848.0,40.0,United-States,>50K
30.0,,,Some-college,10.0,Married-civ-spouse,Sales,Husband,White,Male,,1848.0,40.0,United-States,
34.0,State-gov,,Masters,,Married-civ-spouse,Machine-op-inspct,Husband,White,,0.0,1848.0,,United-States,>50K
41.0,Private,77373.0,Some-college,10.0,Married-civ-spouse,,Husband,White,Male,0.0,1848.0,65.0,,>50K
46.0,Private,189498.0,Bachelors,13.0,Married-civ-spouse,Prof-specialty,,White,,,,45.0,United-States,>50K
39.0,Private,91367.0,Masters,14.0,Married-civ-spouse,Exec-managerial,Husband,White,Male,0.0,1848.0,45.0,United-States,>50K
,Private,,HS-grad,9.0,Married-civ-spouse,,Husband,Black,,,,,United-States,
,Private,215504.0,Bachelors,13.0,,,Husband,White,Male,,1848.0,,United-States,>50K
,Private,181219.0,Bachelors,,Married-civ-spouse,Prof-specialty,,White,Male,0.0,1848.0,,United-States,>50K
,,103121.0,Bachelors,13.0,Married-civ-spouse,,,White,Female,0.0,,40.0,United-States,>50K
67.0,Private,,Some-college,,Married-civ-spouse,Sales,,,Male,0.0,1844.0,,United-States,<=50K
,,213149.0,Some-college,,Married-civ-spouse,?,Husband,White,Male,0.0,1825.0,40.0,,
66.0,,253741.0,HS-grad,,Married-civ-spouse,Sales,,White,,,1825.0,10.0,United-States,
74.0,Self-emp-not-inc,292915.0,Bachelors,13.0,Married-civ-spouse,Exec-managerial,Husband,White,Male,0.0,1825.0,,United-States,>50K
66.0,,132055.0,HS-grad,9.0,Married-civ-spouse,Exec-managerial,Husband,White,Male,0.0,,,United-States,>50K
,,494223.0,Some-college,10.0,,,Unmarried,,Male,0.0,,2.0,United-States,<=50K
80.0,Private,87518.0,,10.0,,Prof-specialty,,White,,0.0,,60.0,United-States,
24.0,Private,43323.0,HS-grad,9.0,Never-married,Other-service,,White,,0.0,1762.0,40.0,United-States,<=50K
20.0,,114746.0,11th,7.0,Married-spouse-absent,,Own-child,Asian-Pac-Islander,Female,0.0,1762.0,40.0,South,<=50K
28.0,Self-emp-not-inc,218555.0,,10.0,Never-married,Transport-moving,,,Male,0.0,,40.0,,<=50K
59.0,Private,,,9.0,Divorced,Sales,Unmarried,White,Female,,,30.0,United-States,<=50K
24.0,,85088.0,HS-grad,,Never-married,Sales,Own-child,White,Female,0.0,1762.0,32.0,United-States,
,Private,137591.0,,10.0,Never-married,Sales,,White,,0.0,1762.0,40.0,United-States,<=50K
52.0,,78012.0,HS-grad,9.0,Widowed,Sales,,White,Female,0.0,1762.0,40.0,United-States,
