PassengerId,Survived,Pclass,Name,Sex,Age,SibSp,Parch,Ticket,Fare,Cabin,Embarked
1.0,0.0,3.0,,male,22.0,1.0,,,7.25,,
2.0,1.0,1.0,"Cumings, Mrs. John Bradley (Florence Briggs Thayer)",female,38.0,1.0,0.0,PC 17599,71.2833,C85,C
3.0,1.0,,"Heikkinen, Miss. Laina",female,,0.0,0.0,STON/O2. 3101282,7.925,,S
4.0,1.0,1.0,"Futrelle, Mrs. Jacques Heath (Lily May Peel)",female,35.0,1.0,0.0,113803,,C123,S
5.0,0.0,3.0,"Allen, Mr. William Henry",male,,0.0,0.0,373450,8.05,,S
6.0,0.0,,,male,,0.0,0.0,,8.4583,,Q
7.0,0.0,1.0,"McCarthy, Mr. Timothy J",male,54.0,0.0,,17463,51.8625,E46,S
,0.0,,"Palsson, Master. Gosta Leonard",male,2.0,3.0,1.0,,,,
9.0,,3.0,"Johnson, Mrs. Oscar W (Elisabeth Vilhelmina Berg)",,,0.0,2.0,347742,11.1333,,
,1.0,2.0,"Nasser, Mrs. Nicholas (Adele Achem)",female,14.0,1.0,0.0,237736,30.0708,,C
11.0,,3.0,"Sandstrom, Miss. Marguerite Rut",,4.0,1.0,1.0,PP 9549,16.7,,S
,1.0,,"Bonnell, Miss. Elizabeth",female,58.0,0.0,0.0,113783,26.55,C103,S
13.0,,3.0,"Saundercock, Mr. William Henry",male,20.0,0.0,0.0,,8.05,,
14.0,0.0,,"Andersson, Mr. Anders Johan",male,39.0,1.0,5.0,347082,31.275,,
15.0,0.0,3.0,"Vestrom, Miss. Hulda Amanda Adolfina",female,14.0,0.0,0.0,,7.8542,,S
16.0,1.0,,,female,,0.0,0.0,248706,16.0,,S
,0.0,3.0,"Rice, Master. Eugene",male,2.0,4.0,1.0,382652,29.125,,Q
18.0,,2.0,"Williams, Mr. Charles Eugene",male,,0.0,0.0,244373,13.0,,S
,,3.0,"Vander Planke, Mrs. Julius (Emelia Maria Vandemoortele)",female,31.0,1.0,0.0,345763,18.0,,S
20.0,1.0,3.0,"Masselmani, Mrs. Fatima",,,0.0,0.0,2649,7.225,,C
21.0,0.0,,"Fynney, Mr. Joseph J",male,35.0,0.0,0.0,,26.0,,S
22.0,,2.0,"Beesley, Mr. Lawrence",,34.0,,0.0,,13.0,D56,S
,,3.0,"McGowan, Miss. Anna ""Annie""",female,15.0,0.0,0.0,330923,8.0292,,Q
24.0,1.0,,"Sloper, Mr. William Thompson",male,28.0,0.0,0.0,113788,35.5,,
25.0,,3.0,"Palsson, Miss. Torborg Danira",female,8.0,3.0,,349909,21.075,,
26.0,1.0,3.0,"Asplund, Mrs. Carl Oscar (Selma Augusta Emilia Johansson)",female,38.0,1.0,,,,,S
27.0,,3.0,"Emir, Mr. Farred Chehab",,,0.0,0.0,2631,,,C
28.0,0.0,,"Fortune, Mr. Charles Alexander",,,3.0,2.0,19950,263.0,,S
29.0,,3.0,"O'Dwyer, Miss. Ellen ""Nellie""",,,0.0,0.0,330959,,,Q
,0.0,3.0,"Todoroff, Mr. Lalio",male,,0.0,,,,,S
31.0,,,"Uruchurtu, Don. Manuel E",male,40.0,,0.0,,27.7208,,
32.0,1.0,1.0,,female,,1.0,0.0,,146.5208,B78,
33.0,1.0,3.0,"Glynn, Miss. Mary Agatha",female,,,0.0,335677,7.75,,Q
34.0,0.0,2.0,"Wheadon, Mr. Edward H",male,66.0,0.0,0.0,C.A. 24579,10.5,,S
35.0,,1.0,"Meyer, Mr. Edgar Joseph",male,28.0,1.0,0.0,,82.1708,,C
36.0,0.0,1.0,"Holverson, Mr. Alexander Oskar",male,42.0,1.0,0.0,113789,52.0,,S
37.0,1.0,3.0,"Mamee, Mr. Hanna",male,,0.0,0.0,2677,7.2292,,C
,0.0,,"Cann, Mr. Ernest Charles",male,21.0,,0.0,A./5. 2152,8.05,,
39.0,0.0,,,,18.0,2.0,,345764,,,S
40.0,1.0,3.0,"Nicola-Yarred, Miss. Jamila",female,14.0,1.0,0.0,,11.2417,,C
41.0,0.0,3.0,"Ahlin, Mrs. Johan (Johanna Persdotter Larsson)",female,40.0,,0.0,7546,9.475,,S
42.0,0.0,2.0,,,27.0,1.0,0.0,11668,21.0,,S
43.0,0.0,3.0,"Kraeff, Mr. Theodor",male,,0.0,0.0,,7.8958,,C
44.0,1.0,2.0,"Laroche, Miss. Simonne Marie Anne Andree",,3.0,1.0,2.0,SC/Paris 2123,,,C
45.0,1.0,3.0,"Devaney, Miss. Margaret Delia",female,,0.0,,330958,7.8792,,
,0.0,3.0,,male,,0.0,0.0,S.C./A.4. 23567,,,S
47.0,0.0,3.0,,,,,0.0,,15.5,,Q
48.0,1.0,3.0,,,,0.0,0.0,14311,7.75,,Q
,0.0,3.0,"Samaan, Mr. Youssef",male,,2.0,0.0,2662,21.6792,,
,0.0,3.0,"Arnold-Franchi, Mrs. Josef (Josefine Franchi)",female,,,0.0,349237,17.8,,S
51.0,0.0,,"Panula, Master. Juha Niilo",male,7.0,4.0,1.0,3101295,,,S
,0.0,3.0,"Nosworthy, Mr. Richard Cater",,,0.0,0.0,A/4. 39886,7.8,,S
53.0,1.0,1.0,"Harper, Mrs. Henry Sleeper (Myna Haxtun)",,49.0,1.0,0.0,PC 17572,76.7292,D33,C
54.0,,2.0,"Faunthorpe, Mrs. Lizzie (Elizabeth Anne Wilkinson)",,29.0,1.0,,2926,26.0,,S
55.0,0.0,1.0,"Ostby, Mr. Engelhart Cornelius",,65.0,0.0,1.0,113509,61.9792,B30,
56.0,,1.0,,male,,0.0,,19947,35.5,C52,S
57.0,,2.0,"Rugg, Miss. Emily",female,21.0,0.0,0.0,C.A. 31026,,,S
58.0,,3.0,"Novel, Mr. Mansouer",male,28.5,,,2697,,,C
59.0,1.0,2.0,"West, Miss. Constance Mirium",female,5.0,,2.0,C.A. 34651,27.75,,
,0.0,3.0,"Goodwin, Master. William Frederick",male,11.0,5.0,2.0,CA 2144,46.9,,
61.0,0.0,3.0,,male,,0.0,,2669,7.2292,,C
62.0,,,"Icard, Miss. Amelie",female,,0.0,0.0,113572,80.0,B28,
63.0,0.0,1.0,"Harris, Mr. Henry Birkhardt",male,45.0,1.0,0.0,36973,,C83,
64.0,,3.0,"Skoog, Master. Harald",male,4.0,3.0,,347088,27.9,,S
65.0,,1.0,"Stewart, Mr. Albert A",male,,0.0,,PC 17605,27.7208,,C
,1.0,,,,,,1.0,2661,15.2458,,C
67.0,,2.0,"Nye, Mrs. (Elizabeth Ramell)",female,29.0,0.0,0.0,C.A. 29395,,,S
,0.0,,"Crease, Mr. Ernest James",male,19.0,,0.0,S.P. 3464,8.1583,,S
69.0,1.0,3.0,,female,17.0,4.0,2.0,3101281,7.925,,
70.0,0.0,,"Kink, Mr. Vincenz",,,2.0,,315151,8.6625,,S
71.0,,2.0,"Jenkin, Mr. Stephen Curnow",male,32.0,0.0,,C.A. 33111,10.5,,S
,0.0,,"Goodwin, Miss. Lillian Amy",female,16.0,5.0,2.0,CA 2144,,,
73.0,,,"Hood, Mr. Ambrose Jr",male,,0.0,0.0,S.O.C. 14879,,,S
74.0,0.0,3.0,,male,26.0,1.0,0.0,,14.4542,,
75.0,1.0,3.0,"Bing, Mr. Lee",male,32.0,0.0,0.0,,,,S
76.0,0.0,,"Moen, Mr. Sigurd Hansen",male,25.0,0.0,0.0,348123,,F G73,S
77.0,0.0,,,male,,0.0,,349208,,,S
78.0,0.0,3.0,"Moutal, Mr. Rahamin Haim",male,,0.0,0.0,,8.05,,S
79.0,1.0,2.0,"Caldwell, Master. Alden Gates",male,,0.0,2.0,,29.0,,S
80.0,1.0,3.0,"Dowdell, Miss. Elizabeth",,30.0,,0.0,364516,12.475,,S
81.0,,3.0,"Waelens, Mr. Achille",male,22.0,0.0,0.0,,,,S
82.0,1.0,3.0,"Sheerlinck, Mr. Jan Baptist",male,29.0,,0.0,,9.5,,S
83.0,,3.0,"McDermott, Miss. Brigdet Delia",female,,,,330932,,,Q
84.0,0.0,1.0,,male,28.0,0.0,0.0,113059,47.1,,S
85.0,,2.0,"Ilett, Miss. Bertha",female,17.0,0.0,,SO/C 14885,10.5,,S
86.0,1.0,3.0,"Backstrom, Mrs. Karl Alfred (Maria Mathilda Gustafsson)",,,3.0,0.0,3101278,15.85,,S
87.0,0.0,,"Ford, Mr. William Neal",,16.0,,3.0,W./C. 6608,,,S
,0.0,3.0,,,,0.0,0.0,SOTON/OQ 392086,8.05,,S
89.0,1.0,1.0,"Fortune, Miss. Mabel Helen",,23.0,3.0,2.0,19950,263.0,C23 C25 C27,
90.0,,3.0,"Celotti, Mr. Francesco",male,,0.0,0.0,343275,8.05,,S
91.0,0.0,3.0,"Christmann, Mr. Emil",male,29.0,0.0,0.0,,,,S
92.0,0.0,3.0,,male,20.0,0.0,0.0,347466,7.8542,,S
,0.0,1.0,"Chaffee, Mr. Herbert Fuller",male,46.0,1.0,,,61.175,,S
94.0,0.0,3.0,"Dean, Mr. Bertram Frank",male,26.0,1.0,,C.A. 2315,20.575,,S
95.0,,3.0,,,,,0.0,,7.25,,
96.0,,3.0,"Shorney, Mr. Charles Joseph",male,,0.0,0.0,374910,8.05,,S
97.0,0.0,,"Goldschmidt, Mr. George B",male,71.0,0.0,0.0,PC 17754,34.6542,A5,C
,1.0,1.0,"Greenfield, Mr. William Bertram",,,0.0,1.0,,63.3583,,C
99.0,,2.0,"Doling, Mrs. John T (Ada Julia Bone)",female,34.0,0.0,1.0,231919,23.0,,S
100.0,0.0,2.0,"Kantor, Mr. Sinai",,34.0,1.0,0.0,244367,,,S
101.0,,3.0,"Petranec, Miss. Matilda",,28.0,0.0,0.0,349245,7.8958,,
102.0,0.0,3.0,"Petroff, Mr. Pastcho (""Pentcho"")",male,,0.0,0.0,,7.8958,,S
103.0,,1.0,"White, Mr. Richard Frasar",male,21.0,0.0,,35281,77.2875,D26,S
104.0,0.0,3.0,"Johansson, Mr. Gustaf Joel",male,33.0,0.0,0.0,7540,8.6542,,S
105.0,0.0,3.0,"Gustafsson, Mr. Anders Vilhelm",male,37.0,2.0,0.0,3101276,7.925,,S
106.0,,3.0,"Mionoff, Mr. Stoytcho",male,28.0,0.0,,349207,7.8958,,S
107.0,1.0,,"Salkjelsvik, Miss. Anna Kristine",female,21.0,0.0,,343120,7.65,,
108.0,1.0,3.0,"Moss, Mr. Albert Johan",male,,0.0,,312991,,,
,,3.0,,male,,0.0,0.0,349249,7.8958,,S
,1.0,3.0,,female,,,0.0,,24.15,,Q
111.0,0.0,1.0,,,47.0,0.0,0.0,110465,52.0,C110,
112.0,0.0,3.0,"Zabour, Miss. Hileni",female,14.5,1.0,0.0,2665,,,C
113.0,0.0,3.0,"Barton, Mr. David John",male,22.0,0.0,0.0,324669,8.05,,S
114.0,0.0,3.0,"Jussila, Miss. Katriina",female,,,,,9.825,,S
,0.0,,,,17.0,0.0,0.0,2627,14.4583,,C
,0.0,3.0,"Pekoniemi, Mr. Edvard",male,21.0,0.0,0.0,STON/O 2. 3101294,7.925,,
117.0,0.0,3.0,"Connors, Mr. Patrick",male,70.5,,,370369,7.75,,
118.0,0.0,2.0,"Turpin, Mr. William John Robert",,29.0,1.0,,,21.0,,S
,,1.0,"Baxter, Mr. Quigg Edmond",,,0.0,,,247.5208,,C
120.0,,3.0,"Andersson, Miss. Ellis Anna Maria",female,2.0,4.0,2.0,,31.275,,S
121.0,0.0,2.0,"Hickman, Mr. Stanley George",male,21.0,2.0,0.0,S.O.C. 14879,,,S
122.0,0.0,3.0,"Moore, Mr. Leonard Charles",male,,0.0,,A4. 54510,,,S
,0.0,2.0,,male,32.5,1.0,0.0,237736,30.0708,,C
124.0,1.0,2.0,,,32.5,0.0,0.0,27267,,E101,S
125.0,,1.0,"White, Mr. Percival Wayland",male,54.0,0.0,,,77.2875,,S
126.0,1.0,,"Nicola-Yarred, Master. Elias",male,,,0.0,2651,11.2417,,C
127.0,0.0,3.0,"McMahon, Mr. Martin",,,0.0,,370372,7.75,,Q
128.0,,,,male,24.0,0.0,,C 17369,7.1417,,S
129.0,,3.0,"Peter, Miss. Anna",female,,1.0,1.0,2668,22.3583,F E69,C
,,3.0,"Ekstrom, Mr. Johan",male,45.0,,0.0,347061,6.975,,S
131.0,0.0,3.0,"Drazenoic, Mr. Jozef",male,,0.0,0.0,349241,7.8958,,
132.0,0.0,,,male,,0.0,0.0,SOTON/O.Q. 3101307,7.05,,
133.0,0.0,3.0,,female,47.0,1.0,,,14.5,,S
,1.0,2.0,,female,29.0,1.0,,,26.0,,
,0.0,,"Sobey, Mr. Samuel James Hayden",male,25.0,0.0,0.0,C.A. 29178,,,S
,0.0,2.0,,male,23.0,0.0,0.0,,,,C
,,1.0,,,,0.0,2.0,11752,26.2833,D47,S
138.0,0.0,1.0,"Futrelle, Mr. Jacques Heath",male,37.0,1.0,,113803,53.1,C123,S
139.0,0.0,,"Osen, Mr. Olaf Elon",male,16.0,0.0,0.0,7534,9.2167,,S
140.0,0.0,1.0,"Giglio, Mr. Victor",male,24.0,0.0,0.0,PC 17593,,B86,C
141.0,0.0,,"Boulos, Mrs. Joseph (Sultana)",,,0.0,,,15.2458,,
142.0,1.0,3.0,,,22.0,0.0,,347081,7.75,,
143.0,,3.0,"Hakkarainen, Mrs. Pekka Pietari (Elin Matilda Dolck)",,24.0,1.0,0.0,STON/O2. 3101279,15.85,,S
144.0,0.0,3.0,"Burke, Mr. Jeremiah",,19.0,,0.0,,6.75,,Q
,0.0,2.0,"Andrew, Mr. Edgardo Samuel",male,,0.0,0.0,231945,,,S
146.0,0.0,,"Nicholls, Mr. Joseph Charles",male,,1.0,1.0,C.A. 33112,36.75,,S
147.0,1.0,3.0,"Andersson, Mr. August Edvard (""Wennerstrom"")",,,0.0,0.0,,7.7958,,S
,0.0,3.0,"Ford, Miss. Robina Maggie ""Ruby""",female,,,2.0,W./C. 6608,34.375,,
149.0,0.0,2.0,"Navratil, Mr. Michel (""Louis M Hoffman"")",male,36.5,0.0,,,26.0,F2,S
150.0,,,"Byles, Rev. Thomas Roussel Davids",male,42.0,0.0,0.0,,13.0,,S
151.0,,2.0,"Bateman, Rev. Robert James",male,51.0,,0.0,S.O.P. 1166,12.525,,S
152.0,1.0,1.0,"Pears, Mrs. Thomas (Edith Wearne)",female,22.0,1.0,0.0,,66.6,C2,S
153.0,0.0,3.0,"Meo, Mr. Alfonzo",male,55.5,,,A.5. 11206,8.05,,S
154.0,,3.0,"van Billiard, Mr. Austin Blyler",,40.5,0.0,2.0,,14.5,,S
155.0,0.0,,"Olsen, Mr. Ole Martin",,,0.0,0.0,Fa 265302,7.3125,,S
156.0,,1.0,"Williams, Mr. Charles Duane",male,51.0,0.0,1.0,PC 17597,61.3792,,
,1.0,3.0,,female,16.0,0.0,0.0,35851,,,
158.0,0.0,3.0,,male,30.0,0.0,,SOTON/OQ 392090,,,
159.0,0.0,3.0,"Smiljanic, Mr. Mile",male,,0.0,0.0,315037,8.6625,,S
,,3.0,"Sage, Master. Thomas Henry",male,,8.0,2.0,CA. 2343,69.55,,
161.0,0.0,3.0,"Cribb, Mr. John Hatfield",male,,,1.0,371362,16.1,,S
,1.0,2.0,"Watt, Mrs. James (Elizabeth ""Bessie"" Inglis Milne)",female,40.0,0.0,0.0,,,,S
,,3.0,"Bengtsson, Mr. John Viktor",male,,0.0,0.0,,,,
164.0,0.0,3.0,"Calic, Mr. Jovo",male,17.0,,0.0,315093,8.6625,,S
165.0,0.0,3.0,"Panula, Master. Eino Viljami",male,1.0,4.0,1.0,3101295,39.6875,,S
166.0,1.0,3.0,"Goldsmith, Master. Frank John William ""Frankie""",male,9.0,0.0,2.0,363291,20.525,,S
,1.0,1.0,"Chibnall, Mrs. (Edith Martha Bowerman)",female,,0.0,1.0,113505,55.0,E33,S
168.0,0.0,3.0,"Skoog, Mrs. William (Anna Bernhardina Karlsson)",female,45.0,1.0,4.0,347088,,,S
169.0,0.0,1.0,"Baumann, Mr. John D",male,,0.0,,,,,S
170.0,0.0,3.0,"Ling, Mr. Lee",,28.0,0.0,0.0,1601,,,S
171.0,,1.0,,male,61.0,0.0,,111240,33.5,B19,S
172.0,0.0,3.0,,male,,4.0,,382652,,,Q
173.0,1.0,,"Johnson, Miss. Eleanor Ileen",female,1.0,1.0,,347742,11.1333,,S
174.0,0.0,3.0,"Sivola, Mr. Antti Wilhelm",male,21.0,0.0,0.0,,7.925,,S
175.0,0.0,1.0,"Smith, Mr. James Clinch",male,,0.0,0.0,17764,30.6958,A7,
176.0,,,"Klasen, Mr. Klas Albin",male,18.0,,1.0,350404,7.8542,,S
177.0,,3.0,,male,,3.0,1.0,,25.4667,,S
178.0,0.0,1.0,,female,,0.0,0.0,PC 17595,,C49,C
179.0,0.0,2.0,"Hale, Mr. Reginald",male,30.0,,0.0,250653,13.0,,
180.0,0.0,,"Leonard, Mr. Lionel",,36.0,0.0,,LINE,0.0,,S
181.0,0.0,3.0,"Sage, Miss. Constance Gladys",,,8.0,2.0,CA. 2343,69.55,,S
182.0,0.0,2.0,"Pernot, Mr. Rene",male,,0.0,0.0,,15.05,,
183.0,0.0,3.0,"Asplund, Master. Clarence Gustaf Hugo",male,9.0,,2.0,,,,S
,1.0,,"Becker, Master. Richard F",,1.0,2.0,1.0,230136,39.0,F4,S
185.0,1.0,,,female,4.0,0.0,2.0,315153,,,
186.0,0.0,1.0,,male,,0.0,0.0,,,A32,S
,1.0,3.0,"O'Brien, Mrs. Thomas (Johanna ""Hannah"" Godfrey)",female,,,0.0,,15.5,,Q
,,1.0,"Romaine, Mr. Charles Hallace (""Mr C Rolmane"")",male,45.0,0.0,,111428,26.55,,
,0.0,,,male,40.0,1.0,1.0,364849,15.5,,Q
190.0,0.0,3.0,"Turcin, Mr. Stjepan",male,36.0,0.0,0.0,349247,7.8958,,S
191.0,1.0,2.0,"Pinsky, Mrs. (Rosa)",,,0.0,0.0,234604,13.0,,S
,0.0,2.0,"Carbines, Mr. William",male,,0.0,0.0,28424,13.0,,
193.0,1.0,3.0,"Andersen-Jensen, Miss. Carla Christine Nielsine",,19.0,,0.0,,7.8542,,
194.0,1.0,,"Navratil, Master. Michel M",,3.0,1.0,1.0,,26.0,F2,
,1.0,1.0,,female,44.0,,0.0,PC 17610,27.7208,B4,C
196.0,1.0,,,,,0.0,0.0,PC 17569,146.5208,,C
197.0,0.0,3.0,,,,0.0,0.0,368703,7.75,,Q
198.0,0.0,3.0,"Olsen, Mr. Karl Siegwart Andreas",male,,0.0,1.0,,8.4042,,S
199.0,1.0,3.0,"Madigan, Miss. Margaret ""Maggie""",female,,,,,7.75,,Q
200.0,0.0,,"Yrois, Miss. Henriette (""Mrs Harbeck"")",female,,,0.0,248747,13.0,,S
201.0,0.0,3.0,"Vande Walle, Mr. Nestor Cyriel",male,,0.0,0.0,345770,,,S
202.0,,3.0,"Sage, Mr. Frederick",male,,8.0,2.0,CA. 2343,69.55,,S
,,3.0,"Johanson, Mr. Jakob Alfred",male,,0.0,0.0,,,,S
204.0,0.0,,"Youseff, Mr. Gerious",male,,0.0,0.0,2628,7.225,,C
205.0,1.0,3.0,,male,18.0,0.0,0.0,,8.05,,S
206.0,0.0,3.0,"Strom, Miss. Telma Matilda",female,2.0,0.0,1.0,347054,10.4625,G6,
207.0,0.0,3.0,,male,32.0,,0.0,3101278,15.85,,S
208.0,1.0,3.0,"Albimona, Mr. Nassef Cassem",male,26.0,0.0,0.0,2699,18.7875,,C
209.0,1.0,3.0,"Carr, Miss. Helen ""Ellen""",female,16.0,0.0,0.0,,7.75,,Q
210.0,1.0,,"Blank, Mr. Henry",male,,0.0,,112277,31.0,A31,C
211.0,0.0,3.0,"Ali, Mr. Ahmed",male,24.0,,0.0,SOTON/O.Q. 3101311,7.05,,S
212.0,1.0,2.0,"Cameron, Miss. Clear Annie",,,0.0,0.0,F.C.C. 13528,21.0,,S
213.0,,3.0,"Perkin, Mr. John Henry",male,22.0,,0.0,A/5 21174,,,S
214.0,0.0,2.0,"Givard, Mr. Hans Kristensen",,30.0,0.0,0.0,,13.0,,S
215.0,,3.0,"Kiernan, Mr. Philip",male,,,0.0,,7.75,,Q
216.0,1.0,1.0,"Newell, Miss. Madeleine",female,31.0,,0.0,35273,,D36,C
,1.0,3.0,"Honkanen, Miss. Eliina",female,27.0,0.0,0.0,STON/O2. 3101283,7.925,,S
218.0,0.0,2.0,,male,42.0,1.0,0.0,243847,,,S
219.0,1.0,1.0,"Bazzani, Miss. Albina",female,32.0,0.0,,11813,76.2917,,C
220.0,0.0,,"Harris, Mr. Walter",male,30.0,,0.0,W/C 14208,10.5,,S
221.0,1.0,3.0,"Sunderland, Mr. Victor Francis",,16.0,0.0,0.0,,8.05,,
222.0,0.0,2.0,"Bracken, Mr. James H",male,27.0,,0.0,,13.0,,S
,,3.0,"Green, Mr. George Henry",male,,0.0,0.0,21440,8.05,,S
224.0,0.0,3.0,"Nenkoff, Mr. Christo",male,,,0.0,349234,,,S
225.0,1.0,1.0,"Hoyt, Mr. Frederick Maxfield",male,38.0,1.0,,19943,90.0,C93,S
226.0,0.0,3.0,"Berglund, Mr. Karl Ivar Sven",male,,0.0,,PP 4348,9.35,,S
227.0,1.0,2.0,"Mellors, Mr. William John",male,19.0,0.0,0.0,SW/PP 751,,,
228.0,0.0,3.0,,male,20.5,0.0,0.0,A/5 21173,,,
229.0,,2.0,"Fahlstrom, Mr. Arne Jonas",,18.0,0.0,0.0,236171,,,S
230.0,0.0,3.0,"Lefebre, Miss. Mathilde",,,3.0,1.0,4133,,,S
,1.0,1.0,"Harris, Mrs. Henry Birkhardt (Irene Wallach)",,35.0,,0.0,36973,83.475,C83,S
232.0,0.0,3.0,"Larsson, Mr. Bengt Edvin",male,29.0,0.0,0.0,347067,7.775,,S
233.0,0.0,2.0,"Sjostedt, Mr. Ernst Adolf",male,59.0,0.0,0.0,,13.5,,S
,1.0,3.0,"Asplund, Miss. Lillian Gertrud",female,5.0,,2.0,347077,31.3875,,S
235.0,0.0,2.0,"Leyson, Mr. Robert William Norman",male,24.0,0.0,0.0,C.A. 29566,,,S
236.0,,3.0,,female,,,0.0,W./C. 6609,7.55,,S
,0.0,2.0,,male,44.0,1.0,0.0,26707,26.0,,S
238.0,1.0,2.0,,female,8.0,0.0,2.0,C.A. 31921,26.25,,S
239.0,0.0,,"Pengelly, Mr. Frederick William",,19.0,0.0,0.0,28665,10.5,,S
240.0,0.0,2.0,,male,,0.0,0.0,SCO/W 1585,12.275,,S
,0.0,3.0,,female,,1.0,0.0,2665,14.4542,,C
242.0,1.0,,,female,,1.0,0.0,367230,,,Q
243.0,0.0,2.0,"Coleridge, Mr. Reginald Charles",male,29.0,0.0,0.0,W./C. 14263,,,S
244.0,0.0,3.0,"Maenpaa, Mr. Matti Alexanteri",male,22.0,0.0,0.0,STON/O 2. 3101275,7.125,,S
245.0,0.0,3.0,"Attalah, Mr. Sleiman",male,,0.0,0.0,2694,7.225,,C
246.0,0.0,1.0,"Minahan, Dr. William Edward",,,2.0,,,,C78,Q
247.0,0.0,3.0,,,25.0,0.0,0.0,347071,7.775,,
248.0,,2.0,,female,,0.0,,250649,14.5,,S
249.0,1.0,1.0,"Beckwith, Mr. Richard Leonard",male,37.0,,1.0,11751,52.5542,D35,S
250.0,0.0,2.0,"Carter, Rev. Ernest Courtenay",male,54.0,1.0,0.0,244252,,,
251.0,0.0,,,male,,0.0,,362316,7.25,,S
252.0,0.0,3.0,,,29.0,1.0,1.0,347054,,,
253.0,,1.0,,male,,0.0,0.0,113514,,C87,S
254.0,0.0,,,male,30.0,1.0,0.0,A/5. 3336,16.1,,S
255.0,,3.0,,female,41.0,0.0,2.0,370129,20.2125,,S
256.0,1.0,,"Touma, Mrs. Darwis (Hanne Youssef Razi)",,,0.0,2.0,2650,15.2458,,C
257.0,,1.0,"Thorne, Mrs. Gertrude Maybelle",female,,0.0,,PC 17585,79.2,,
258.0,1.0,1.0,"Cherry, Miss. Gladys",female,30.0,0.0,0.0,110152,,B77,S
259.0,1.0,1.0,"Ward, Miss. Anna",female,35.0,0.0,,PC 17755,,,C
260.0,1.0,2.0,,female,50.0,,1.0,,26.0,,S
,0.0,3.0,,,,0.0,0.0,384461,7.75,,Q
,1.0,3.0,,male,3.0,4.0,2.0,347077,31.3875,,S
263.0,0.0,,"Taussig, Mr. Emil",,52.0,1.0,1.0,110413,79.65,,
264.0,,1.0,"Harrison, Mr. William",male,,0.0,,112059,,B94,S
265.0,0.0,3.0,"Henry, Miss. Delia",female,,0.0,,382649,7.75,,Q
266.0,0.0,,"Reeves, Mr. David",,36.0,0.0,0.0,C.A. 17248,10.5,,S
267.0,0.0,3.0,"Panula, Mr. Ernesti Arvid",male,16.0,4.0,1.0,3101295,39.6875,,S
268.0,1.0,3.0,,,25.0,1.0,0.0,347083,7.775,,S
269.0,1.0,1.0,"Graham, Mrs. William Thompson (Edith Junkins)",female,58.0,,1.0,PC 17582,153.4625,,
270.0,1.0,1.0,,female,35.0,,0.0,PC 17760,135.6333,C99,S
271.0,0.0,,"Cairns, Mr. Alexander",,,0.0,0.0,113798,31.0,,S
272.0,1.0,3.0,"Tornquist, Mr. William Henry",male,25.0,0.0,0.0,,,,S
273.0,1.0,2.0,,female,41.0,,1.0,250644,19.5,,S
274.0,,1.0,"Natsch, Mr. Charles H",male,37.0,0.0,1.0,,29.7,C118,C
,1.0,3.0,"Healy, Miss. Hanora ""Nora""",female,,0.0,0.0,370375,7.75,,Q
276.0,1.0,1.0,"Andrews, Miss. Kornelia Theodosia",female,63.0,1.0,,,77.9583,D7,S
,0.0,3.0,,female,45.0,,0.0,347073,7.75,,
278.0,0.0,2.0,"Parkes, Mr. Francis ""Frank""",male,,0.0,0.0,239853,,,S
279.0,,3.0,"Rice, Master. Eric",male,,4.0,1.0,382652,29.125,,
280.0,1.0,3.0,"Abbott, Mrs. Stanton (Rosa Hunt)",female,35.0,1.0,1.0,,,,S
281.0,0.0,3.0,,male,65.0,0.0,0.0,336439,7.75,,
282.0,,,"Olsson, Mr. Nils Johan Goransson",,,0.0,,347464,7.8542,,S
283.0,0.0,3.0,"de Pelsmaeker, Mr. Alfons",male,16.0,0.0,,345778,,,S
284.0,1.0,,"Dorking, Mr. Edward Arthur",male,,0.0,,A/5. 10482,8.05,,S
285.0,0.0,1.0,,male,,,0.0,113056,26.0,A19,
286.0,,,"Stankovic, Mr. Ivan",,33.0,0.0,0.0,349239,8.6625,,C
287.0,1.0,3.0,"de Mulder, Mr. Theodore",,30.0,0.0,0.0,345774,,,S
288.0,0.0,,"Naidenoff, Mr. Penko",,,,,349206,7.8958,,
289.0,1.0,2.0,"Hosono, Mr. Masabumi",,42.0,0.0,,237798,13.0,,S
,1.0,,"Connolly, Miss. Kate",female,22.0,,0.0,370373,7.75,,Q
291.0,1.0,1.0,,female,26.0,0.0,0.0,19877,,,S
292.0,1.0,1.0,"Bishop, Mrs. Dickinson H (Helen Walton)",female,19.0,1.0,,11967,91.0792,B49,C
293.0,,2.0,"Levy, Mr. Rene Jacques",male,36.0,0.0,0.0,,,D,C
294.0,0.0,3.0,"Haas, Miss. Aloisia",female,24.0,0.0,0.0,349236,8.85,,S
295.0,0.0,3.0,"Mineff, Mr. Ivan",male,24.0,0.0,0.0,349233,7.8958,,S
,0.0,,"Lewy, Mr. Ervin G",male,,0.0,0.0,,27.7208,,C
,0.0,3.0,"Hanna, Mr. Mansour",,23.5,0.0,,2693,7.2292,,C
298.0,0.0,1.0,"Allison, Miss. Helen Loraine",female,2.0,1.0,2.0,113781,,C22 C26,S
299.0,1.0,1.0,"Saalfeld, Mr. Adolphe",male,,,,19988,,C106,S
,1.0,1.0,"Baxter, Mrs. James (Helene DeLaudeniere Chaput)",,50.0,,,PC 17558,,B58 B60,C
301.0,,3.0,"Kelly, Miss. Anna Katherine ""Annie Kate""",female,,0.0,0.0,9234,7.75,,Q
,,3.0,"McCoy, Mr. Bernard",,,,0.0,,23.25,,Q
303.0,0.0,3.0,,male,19.0,0.0,,LINE,0.0,,
304.0,1.0,2.0,"Keane, Miss. Nora A",female,,0.0,0.0,226593,12.35,E101,Q
305.0,0.0,3.0,"Williams, Mr. Howard Hugh ""Harry""",male,,0.0,0.0,A/5 2466,8.05,,
306.0,1.0,1.0,"Allison, Master. Hudson Trevor",male,0.92,1.0,2.0,113781,,C22 C26,S
307.0,1.0,1.0,"Fleming, Miss. Margaret",female,,0.0,0.0,,110.8833,,C
308.0,1.0,1.0,"Penasco y Castellana, Mrs. Victor de Satode (Maria Josefa Perez de Soto y Vallejo)",female,17.0,1.0,0.0,PC 17758,108.9,C65,C
,0.0,2.0,"Abelson, Mr. Samuel",,30.0,1.0,,P/PP 3381,24.0,,C
310.0,1.0,1.0,"Francatelli, Miss. Laura Mabel",female,30.0,,0.0,PC 17485,56.9292,E36,C
311.0,,1.0,"Hays, Miss. Margaret Bechstein",female,24.0,0.0,0.0,,,,C
312.0,1.0,,"Ryerson, Miss. Emily Borie",,,2.0,2.0,PC 17608,262.375,B57 B59 B63 B66,C
313.0,0.0,2.0,"Lahtinen, Mrs. William (Anna Sylfven)",female,,1.0,1.0,250651,26.0,,S
314.0,0.0,3.0,"Hendekovic, Mr. Ignjac",,,0.0,0.0,349243,7.8958,,S
315.0,0.0,2.0,"Hart, Mr. Benjamin",male,,,,F.C.C. 13529,26.25,,S
316.0,1.0,,"Nilsson, Miss. Helmina Josefina",female,26.0,0.0,0.0,347470,7.8542,,S
317.0,1.0,,"Kantor, Mrs. Sinai (Miriam Sternin)",female,24.0,1.0,0.0,244367,26.0,,S
,0.0,2.0,"Moraweck, Dr. Ernest",,54.0,0.0,0.0,29011,,,S
319.0,,1.0,"Wick, Miss. Mary Natalie",female,31.0,0.0,,36928,164.8667,C7,S
320.0,1.0,1.0,,female,40.0,,1.0,,,,C
321.0,,,"Dennis, Mr. Samuel",male,22.0,0.0,0.0,A/5 21172,7.25,,S
322.0,0.0,3.0,"Danoff, Mr. Yoto",male,27.0,0.0,0.0,349219,7.8958,,S
323.0,,,"Slayter, Miss. Hilda Mary",female,30.0,0.0,0.0,234818,,,Q
324.0,1.0,2.0,"Caldwell, Mrs. Albert Francis (Sylvia Mae Harbaugh)",female,22.0,1.0,1.0,,,,S
325.0,0.0,,"Sage, Mr. George John Jr",,,,2.0,CA. 2343,69.55,,S
,1.0,,"Young, Miss. Marie Grice",female,36.0,0.0,0.0,PC 17760,135.6333,C32,
327.0,0.0,3.0,"Nysveen, Mr. Johan Hansen",male,61.0,,0.0,,6.2375,,S
328.0,,2.0,"Ball, Mrs. (Ada E Hall)",female,36.0,,,28551,13.0,D,S
329.0,1.0,,"Goldsmith, Mrs. Frank John (Emily Alice Brown)",female,31.0,,1.0,363291,,,S
330.0,1.0,1.0,,female,16.0,,1.0,111361,,B18,C
331.0,1.0,3.0,,,,2.0,0.0,367226,23.25,,Q
332.0,,1.0,"Partner, Mr. Austen",male,45.5,0.0,0.0,113043,28.5,,S
333.0,,,"Graham, Mr. George Edward",,,0.0,1.0,PC 17582,153.4625,C91,S
334.0,0.0,3.0,"Vander Planke, Mr. Leo Edmondus",,16.0,2.0,0.0,,18.0,,
335.0,1.0,,,,,,0.0,PC 17611,,,S
336.0,0.0,,"Denkoff, Mr. Mitto",male,,0.0,,,7.8958,,
337.0,0.0,1.0,"Pears, Mr. Thomas Clinton",male,29.0,1.0,,113776,66.6,,S
338.0,,1.0,"Burns, Miss. Elizabeth Margaret",,,0.0,0.0,16966,134.5,,C
339.0,1.0,3.0,"Dahl, Mr. Karl Edwart",male,,,,7598,8.05,,S
340.0,0.0,1.0,"Blackwell, Mr. Stephen Weart",male,45.0,0.0,0.0,113784,,T,S
341.0,,2.0,"Navratil, Master. Edmond Roger",male,,1.0,1.0,230080,,F2,S
342.0,1.0,1.0,"Fortune, Miss. Alice Elizabeth",,24.0,3.0,2.0,19950,263.0,C23 C25 C27,S
343.0,,2.0,,,,0.0,,248740,13.0,,
344.0,0.0,2.0,,male,25.0,0.0,,244361,13.0,,S
,0.0,2.0,"Fox, Mr. Stanley Hubert",male,36.0,0.0,0.0,229236,13.0,,S
346.0,1.0,2.0,"Brown, Miss. Amelia ""Mildred""",,24.0,0.0,0.0,248733,13.0,F33,S
347.0,,,"Smith, Miss. Marion Elsie",female,40.0,0.0,0.0,31418,,,
348.0,1.0,3.0,"Davison, Mrs. Thomas Henry (Mary E Finck)",female,,1.0,0.0,,,,S
,,3.0,,,3.0,,,C.A. 37671,15.9,,S
350.0,0.0,3.0,"Dimic, Mr. Jovan",male,,,0.0,315088,8.6625,,S
351.0,0.0,3.0,"Odahl, Mr. Nils Martin",male,,0.0,0.0,7267,9.225,,S
352.0,,1.0,"Williams-Lambert, Mr. Fletcher Fellows",,,,0.0,113510,35.0,C128,S
,0.0,3.0,"Elias, Mr. Tannous",male,15.0,1.0,1.0,2695,7.2292,,C
354.0,0.0,3.0,,male,25.0,1.0,0.0,,17.8,,S
,0.0,,"Yousif, Mr. Wazli",male,,,,,7.225,,C
356.0,,3.0,"Vanden Steen, Mr. Leo Peter",male,28.0,0.0,0.0,345783,9.5,,S
,1.0,1.0,,female,22.0,,,113505,,E33,S
358.0,0.0,,"Funk, Miss. Annie Clemmer",female,,,,237671,13.0,,S
359.0,1.0,,"McGovern, Miss. Mary",female,,0.0,0.0,330931,7.8792,,Q
,,3.0,"Mockler, Miss. Helen Mary ""Ellie""",female,,0.0,0.0,330980,7.8792,,Q
,0.0,3.0,"Skoog, Mr. Wilhelm",male,40.0,1.0,4.0,347088,27.9,,S
362.0,,2.0,"del Carlo, Mr. Sebastiano",male,29.0,,0.0,SC/PARIS 2167,27.7208,,C
363.0,0.0,3.0,"Barbara, Mrs. (Catherine David)",female,,0.0,,2691,14.4542,,C
364.0,0.0,,"Asim, Mr. Adola",male,35.0,0.0,0.0,SOTON/O.Q. 3101310,7.05,,S
365.0,0.0,3.0,"O'Brien, Mr. Thomas",male,,,0.0,,15.5,,
366.0,,,,male,30.0,,0.0,C 7076,,,S
,1.0,1.0,"Warren, Mrs. Frank Manley (Anna Sophia Atkinson)",female,60.0,1.0,,110813,,,
368.0,1.0,3.0,"Moussa, Mrs. (Mantoura Boulos)",female,,0.0,0.0,,,,C
369.0,1.0,3.0,,female,,,0.0,14313,7.75,,Q
,1.0,1.0,"Aubart, Mme. Leontine Pauline",female,24.0,0.0,0.0,PC 17477,69.3,B35,C
371.0,1.0,1.0,,male,25.0,1.0,,11765,55.4417,E50,C
372.0,0.0,,"Wiklund, Mr. Jakob Alfred",male,18.0,1.0,0.0,,6.4958,,
,0.0,,"Beavan, Mr. William Thomas",male,19.0,,0.0,323951,,,S
374.0,0.0,,,male,22.0,0.0,0.0,PC 17760,135.6333,,C
375.0,0.0,,"Palsson, Miss. Stina Viola",,3.0,,1.0,349909,21.075,,S
376.0,1.0,1.0,"Meyer, Mrs. Edgar Joseph (Leila Saks)",female,,1.0,,PC 17604,82.1708,,C
377.0,1.0,3.0,"Landergren, Miss. Aurora Adelia",female,22.0,0.0,0.0,,7.25,,S
378.0,0.0,,,,27.0,,,113503,,,
379.0,,3.0,"Betros, Mr. Tannous",male,,0.0,0.0,2648,4.0125,,C
380.0,0.0,3.0,,,19.0,,0.0,,7.775,,
,1.0,1.0,"Bidois, Miss. Rosalie",,42.0,0.0,0.0,,227.525,,C
382.0,1.0,3.0,,female,,0.0,2.0,,15.7417,,C
383.0,0.0,3.0,"Tikkanen, Mr. Juho",,32.0,0.0,0.0,STON/O 2. 3101293,7.925,,S
,,1.0,"Holverson, Mrs. Alexander Oskar (Mary Aline Towner)",female,,,0.0,113789,52.0,,S
,,,"Plotcharsky, Mr. Vasil",male,,0.0,,,,,S
,0.0,2.0,"Davies, Mr. Charles Henry",male,18.0,0.0,0.0,,,,
387.0,0.0,3.0,"Goodwin, Master. Sidney Leonard",,1.0,,,CA 2144,46.9,,S
388.0,,,,female,36.0,0.0,0.0,27849,13.0,,S
389.0,0.0,3.0,"Sadlier, Mr. Matthew",male,,0.0,0.0,,7.7292,,
390.0,1.0,2.0,,female,,0.0,,,12.0,,C
391.0,1.0,1.0,"Carter, Mr. William Ernest",male,36.0,1.0,2.0,,120.0,B96 B98,
392.0,1.0,3.0,"Jansson, Mr. Carl Olof",,21.0,0.0,,350034,7.7958,,
393.0,0.0,3.0,,male,28.0,,0.0,3101277,7.925,,
394.0,,1.0,,,,1.0,0.0,35273,,,C
395.0,,3.0,"Sandstrom, Mrs. Hjalmar (Agnes Charlotta Bengtsson)",,24.0,0.0,2.0,PP 9549,16.7,,S
396.0,0.0,,"Johansson, Mr. Erik",,22.0,0.0,0.0,,7.7958,,S
397.0,0.0,3.0,"Olsson, Miss. Elina",female,31.0,0.0,0.0,350407,7.8542,,S
398.0,0.0,2.0,"McKane, Mr. Peter David",male,,0.0,,28403,26.0,,S
,0.0,,"Pain, Dr. Alfred",male,23.0,0.0,0.0,,10.5,,S
400.0,1.0,2.0,"Trout, Mrs. William H (Jessie L)",female,28.0,0.0,0.0,,,,S
401.0,1.0,,"Niskanen, Mr. Juha",male,39.0,0.0,0.0,STON/O 2. 3101289,,,S
402.0,0.0,3.0,"Adams, Mr. John",male,26.0,0.0,0.0,341826,8.05,,
403.0,0.0,,,female,,1.0,0.0,4137,,,S
404.0,0.0,3.0,"Hakkarainen, Mr. Pekka Pietari",male,28.0,,0.0,STON/O2. 3101279,15.85,,S
405.0,0.0,3.0,"Oreskovic, Miss. Marija",female,20.0,0.0,0.0,,8.6625,,S
406.0,0.0,2.0,"Gale, Mr. Shadrach",,34.0,1.0,0.0,28664,21.0,,
407.0,0.0,,"Widegren, Mr. Carl/Charles Peter",male,51.0,0.0,,347064,7.75,,S
408.0,1.0,,"Richards, Master. William Rowe",male,3.0,,,29106,18.75,,S
409.0,0.0,3.0,"Birkeland, Mr. Hans Martin Monsen",male,21.0,0.0,0.0,312992,7.775,,S
410.0,0.0,3.0,"Lefebre, Miss. Ida",female,,,1.0,4133,25.4667,,S
411.0,,3.0,"Sdycoff, Mr. Todor",,,0.0,0.0,,7.8958,,S
412.0,,3.0,"Hart, Mr. Henry",male,,,0.0,394140,6.8583,,
413.0,1.0,1.0,"Minahan, Miss. Daisy E",female,33.0,1.0,0.0,19928,90.0,C78,Q
414.0,,,,male,,,0.0,239853,0.0,,S
,1.0,3.0,"Sundman, Mr. Johan Julian",,44.0,,0.0,,7.925,,
,,3.0,"Meek, Mrs. Thomas (Annie Louise Rowley)",,,,0.0,,,,S
417.0,1.0,,"Drew, Mrs. James Vivian (Lulu Thorne Christian)",,34.0,1.0,1.0,28220,,,
418.0,1.0,2.0,,female,18.0,0.0,,250652,,,S
,0.0,2.0,,male,,,0.0,28228,13.0,,S
420.0,0.0,3.0,"Van Impe, Miss. Catharina",female,10.0,0.0,,345773,24.15,,S
421.0,0.0,3.0,"Gheorgheff, Mr. Stanio",male,,0.0,0.0,349254,7.8958,,C
422.0,0.0,3.0,"Charters, Mr. David",,,0.0,0.0,A/5. 13032,,,Q
423.0,,,"Zimmerman, Mr. Leo",male,29.0,,0.0,,7.875,,S
424.0,0.0,3.0,"Danbom, Mrs. Ernst Gilbert (Anna Sigrid Maria Brogren)",,28.0,1.0,1.0,347080,,,S
425.0,0.0,3.0,,male,18.0,1.0,1.0,370129,20.2125,,
,0.0,3.0,"Wiseman, Mr. Phillippe",,,0.0,0.0,A/4. 34244,,,S
427.0,1.0,2.0,"Clarke, Mrs. Charles V (Ada Maria Winfield)",female,28.0,,0.0,2003,26.0,,S
428.0,1.0,,"Phillips, Miss. Kate Florence (""Mrs Kate Louise Phillips Marshall"")",female,,,0.0,,26.0,,S
,0.0,,,male,,0.0,0.0,364851,7.75,,Q
,1.0,,"Pickard, Mr. Berk (Berk Trembisky)",male,32.0,0.0,0.0,SOTON/O.Q. 392078,8.05,,S
431.0,1.0,1.0,"Bjornstrom-Steffansson, Mr. Mauritz Hakan",male,28.0,0.0,0.0,110564,26.55,C52,S
432.0,1.0,,"Thorneycroft, Mrs. Percival (Florence Kate White)",female,,,0.0,376564,16.1,,S
,1.0,,"Louch, Mrs. Charles Alexander (Alice Adelaide Slow)",,42.0,,0.0,SC/AH 3085,26.0,,S
434.0,0.0,3.0,"Kallio, Mr. Nikolai Erland",male,17.0,0.0,0.0,STON/O 2. 3101274,7.125,,S
435.0,0.0,,"Silvey, Mr. William Baird",male,50.0,1.0,0.0,13507,,E44,S
,1.0,1.0,"Carter, Miss. Lucile Polk",,14.0,,2.0,113760,120.0,,S
,0.0,3.0,"Ford, Miss. Doolina Margaret ""Daisy""",,21.0,2.0,2.0,W./C. 6608,34.375,,
438.0,1.0,2.0,"Richards, Mrs. Sidney (Emily Hocking)",female,24.0,2.0,3.0,29106,,,
439.0,0.0,1.0,"Fortune, Mr. Mark",male,64.0,1.0,4.0,19950,263.0,C23 C25 C27,S
440.0,0.0,2.0,"Kvillner, Mr. Johan Henrik Johannesson",male,31.0,0.0,0.0,C.A. 18723,10.5,,S
441.0,1.0,2.0,"Hart, Mrs. Benjamin (Esther Ada Bloomfield)",female,45.0,1.0,1.0,,26.25,,
442.0,0.0,3.0,"Hampe, Mr. Leon",male,20.0,0.0,0.0,345769,9.5,,
443.0,0.0,3.0,"Petterson, Mr. Johan Emil",male,25.0,,0.0,347076,7.775,,
444.0,1.0,2.0,,,28.0,0.0,0.0,230434,13.0,,S
445.0,1.0,3.0,"Johannesen-Bratthammer, Mr. Bernt",male,,0.0,0.0,65306,8.1125,,S
446.0,,,,male,4.0,,2.0,33638,,,S
447.0,1.0,2.0,"Mellinger, Miss. Madeleine Violet",female,13.0,0.0,1.0,250644,,,S
448.0,1.0,1.0,"Seward, Mr. Frederic Kimber",,,0.0,0.0,113794,26.55,,S
449.0,1.0,3.0,"Baclini, Miss. Marie Catherine",,5.0,2.0,1.0,2666,19.2583,,
450.0,1.0,1.0,"Peuchen, Major. Arthur Godfrey",male,52.0,0.0,0.0,113786,,,S
451.0,0.0,2.0,"West, Mr. Edwy Arthur",male,36.0,1.0,2.0,C.A. 34651,27.75,,
452.0,,,"Hagland, Mr. Ingvald Olai Olsen",male,,,0.0,65303,19.9667,,
453.0,0.0,1.0,"Foreman, Mr. Benjamin Laventall",male,30.0,0.0,0.0,113051,27.75,,C
454.0,1.0,,"Goldenberg, Mr. Samuel L",male,49.0,1.0,0.0,17453,89.1042,,C
455.0,0.0,3.0,"Peduzzi, Mr. Joseph",,,0.0,0.0,A/5 2817,,,S
456.0,1.0,,"Jalsevac, Mr. Ivan",male,,0.0,0.0,349240,7.8958,,
457.0,0.0,1.0,"Millet, Mr. Francis Davis",male,65.0,0.0,,,26.55,,
458.0,,1.0,"Kenyon, Mrs. Frederick R (Marion)",female,,1.0,0.0,17464,51.8625,D21,S
459.0,,2.0,,female,50.0,0.0,0.0,,10.5,,S
460.0,0.0,,"O'Connor, Mr. Maurice",male,,,0.0,,,,
461.0,,1.0,"Anderson, Mr. Harry",male,48.0,0.0,,,,E12,S
462.0,0.0,3.0,,male,34.0,0.0,0.0,,8.05,,S
463.0,0.0,,"Gee, Mr. Arthur H",male,47.0,0.0,0.0,111320,38.5,E63,S
,,2.0,"Milling, Mr. Jacob Christian",,48.0,0.0,0.0,,13.0,,S
,,,"Maisner, Mr. Simon",male,,0.0,0.0,A/S 2816,8.05,,S
466.0,0.0,3.0,"Goncalves, Mr. Manuel Estanslas",male,38.0,,0.0,SOTON/O.Q. 3101306,,,S
467.0,0.0,2.0,"Campbell, Mr. William",male,,0.0,0.0,239853,0.0,,
,,,"Smart, Mr. John Montgomery",male,56.0,,0.0,,26.55,,S
469.0,0.0,3.0,"Scanlan, Mr. James",male,,0.0,0.0,36209,7.725,,Q
470.0,,3.0,"Baclini, Miss. Helene Barbara",female,0.75,2.0,1.0,2666,19.2583,,C
471.0,0.0,3.0,"Keefe, Mr. Arthur",male,,0.0,0.0,323592,7.25,,S
472.0,0.0,,"Cacic, Mr. Luka",,38.0,0.0,0.0,315089,,,S
473.0,1.0,2.0,,female,33.0,,2.0,C.A. 34651,27.75,,S
474.0,1.0,2.0,"Jerwan, Mrs. Amin S (Marie Marthe Thuillard)",female,23.0,0.0,0.0,SC/AH Basle 541,13.7917,,C
475.0,0.0,3.0,"Strandberg, Miss. Ida Sofia",female,,,,7553,9.8375,,S
476.0,0.0,1.0,,male,,0.0,0.0,110465,,A14,
,,,"Renouf, Mr. Peter Henry",male,34.0,1.0,,31027,21.0,,S
478.0,0.0,,"Braund, Mr. Lewis Richard",,29.0,1.0,0.0,3460,7.0458,,
479.0,0.0,3.0,"Karlsson, Mr. Nils August",male,,,0.0,,7.5208,,
480.0,,,"Hirvonen, Miss. Hildur E",,2.0,0.0,1.0,3101298,12.2875,,S
481.0,0.0,3.0,"Goodwin, Master. Harold Victor",,9.0,,2.0,CA 2144,,,S
482.0,,,,male,,,0.0,239854,0.0,,S
483.0,0.0,3.0,"Rouse, Mr. Richard Henry",male,50.0,0.0,0.0,A/5 3594,8.05,,S
484.0,,3.0,"Turkula, Mrs. (Hedwig)",female,63.0,0.0,,4134,9.5875,,S
485.0,1.0,1.0,"Bishop, Mr. Dickinson H",male,,1.0,0.0,11967,91.0792,B49,C
486.0,,3.0,"Lefebre, Miss. Jeannie",,,3.0,1.0,4133,,,
487.0,1.0,1.0,,female,35.0,,0.0,,90.0,C93,S
,0.0,,"Kent, Mr. Edward Austin",,58.0,0.0,0.0,11771,,B37,C
489.0,0.0,3.0,"Somerton, Mr. Francis William",,30.0,0.0,0.0,A.5. 18509,8.05,,S
490.0,1.0,3.0,"Coutts, Master. Eden Leslie ""Neville""",male,9.0,1.0,,C.A. 37671,,,
,0.0,3.0,"Hagland, Mr. Konrad Mathias Reiersen",male,,,,65304,,,S
,0.0,3.0,"Windelov, Mr. Einar",male,21.0,0.0,0.0,SOTON/OQ 3101317,7.25,,S
493.0,0.0,,,,55.0,0.0,,113787,30.5,C30,
494.0,0.0,1.0,"Artagaveytia, Mr. Ramon",male,71.0,,0.0,PC 17609,49.5042,,C
495.0,0.0,3.0,"Stanley, Mr. Edward Roland",male,21.0,,0.0,A/4 45380,8.05,,S
496.0,0.0,,"Yousseff, Mr. Gerious",male,,0.0,,,14.4583,,C
,1.0,1.0,"Eustis, Miss. Elizabeth Mussey",female,54.0,1.0,0.0,,78.2667,D20,C
498.0,,3.0,"Shellard, Mr. Frederick William",male,,0.0,0.0,C.A. 6212,15.1,,
499.0,0.0,1.0,"Allison, Mrs. Hudson J C (Bessie Waldo Daniels)",female,25.0,1.0,2.0,113781,151.55,,S
500.0,,,"Svensson, Mr. Olof",male,,0.0,,,7.7958,,S
501.0,0.0,,"Calic, Mr. Petar",male,17.0,0.0,,315086,8.6625,,S
502.0,0.0,3.0,"Canavan, Miss. Mary",,,0.0,,364846,,,
503.0,0.0,3.0,"O'Sullivan, Miss. Bridget Mary",,,0.0,,330909,7.6292,,Q
504.0,,3.0,"Laitinen, Miss. Kristina Sofia",,,,,,9.5875,,S
,,1.0,,,16.0,0.0,0.0,,,B79,S
506.0,0.0,,,male,18.0,1.0,0.0,,108.9,C65,C
,1.0,,"Quick, Mrs. Frederick Charles (Jane Richards)",female,33.0,,2.0,26360,26.0,,S
,1.0,,"Bradley, Mr. George (""George Arthur Brayton"")",male,,,0.0,111427,26.55,,S
509.0,0.0,3.0,,male,28.0,0.0,,C 4001,,,
510.0,1.0,,"Lang, Mr. Fang",male,,0.0,0.0,,,,S
,1.0,3.0,"Daly, Mr. Eugene Patrick",male,,0.0,,382651,7.75,,Q
,0.0,,"Webber, Mr. James",male,,,0.0,,8.05,,S
513.0,1.0,,"McGough, Mr. James Robert",male,36.0,0.0,0.0,PC 17473,,E25,S
514.0,,1.0,"Rothschild, Mrs. Martin (Elizabeth L. Barrett)",female,54.0,1.0,,,59.4,,C
515.0,0.0,3.0,"Coleff, Mr. Satio",,24.0,0.0,0.0,349209,7.4958,,S
516.0,,1.0,"Walker, Mr. William Anderson",male,47.0,,0.0,36967,34.0208,D46,S
517.0,1.0,2.0,"Lemore, Mrs. (Amelia Milley)",female,,0.0,,C.A. 34260,10.5,F33,S
,0.0,3.0,"Ryan, Mr. Patrick",male,,0.0,0.0,371110,,,Q
519.0,1.0,,"Angle, Mrs. William A (Florence ""Mary"" Agnes Hughes)",,36.0,1.0,0.0,226875,26.0,,S
520.0,0.0,3.0,,male,,0.0,0.0,,7.8958,,S
,,1.0,"Perreault, Miss. Anne",female,30.0,0.0,0.0,12749,93.5,B73,S
,0.0,,"Vovk, Mr. Janko",male,22.0,0.0,,349252,7.8958,,S
,,3.0,"Lahoud, Mr. Sarkis",,,0.0,0.0,2624,7.225,,
,1.0,1.0,,female,44.0,0.0,1.0,111361,57.9792,,C
,,3.0,"Kassem, Mr. Fared",male,,0.0,0.0,2700,,,C
526.0,0.0,3.0,,male,40.5,,0.0,367232,,,Q
527.0,1.0,2.0,"Ridsdale, Miss. Lucy",,,,0.0,W./C. 14258,10.5,,S
528.0,0.0,1.0,"Farthing, Mr. John",male,,,0.0,PC 17483,221.7792,C95,S
,,3.0,,male,39.0,0.0,0.0,3101296,7.925,,
530.0,0.0,2.0,"Hocking, Mr. Richard George",,23.0,2.0,1.0,,11.5,,S
531.0,1.0,2.0,"Quick, Miss. Phyllis May",female,2.0,,,26360,26.0,,S
532.0,0.0,3.0,"Toufik, Mr. Nakli",male,,0.0,0.0,,,,C
533.0,0.0,3.0,"Elias, Mr. Joseph Jr",male,17.0,1.0,1.0,2690,7.2292,,C
534.0,,3.0,,female,,0.0,,2668,22.3583,,C
535.0,0.0,3.0,"Cacic, Miss. Marija",female,30.0,0.0,,315084,8.6625,,
536.0,1.0,2.0,"Hart, Miss. Eva Miriam",female,,0.0,2.0,F.C.C. 13529,,,S
537.0,0.0,1.0,"Butt, Major. Archibald Willingham",,45.0,0.0,0.0,113050,26.55,B38,S
538.0,,1.0,"LeRoy, Miss. Bertha",female,30.0,0.0,0.0,,,,C
539.0,0.0,,"Risien, Mr. Samuel Beard",male,,,0.0,364498,14.5,,S
540.0,1.0,1.0,"Frolicher, Miss. Hedwig Margaritha",female,22.0,0.0,2.0,13568,49.5,,C
,1.0,,,female,,0.0,,,71.0,B22,S
542.0,0.0,3.0,"Andersson, Miss. Ingeborg Constanzia",female,9.0,4.0,,347082,,,S
543.0,,,"Andersson, Miss. Sigrid Elisabeth",female,,4.0,,347082,31.275,,
544.0,1.0,2.0,"Beane, Mr. Edward",male,32.0,1.0,0.0,2908,26.0,,S
545.0,0.0,1.0,"Douglas, Mr. Walter Donald",male,50.0,,0.0,PC 17761,106.425,C86,C
546.0,,1.0,,male,64.0,,0.0,693,26.0,,S
547.0,1.0,,"Beane, Mrs. Edward (Ethel Clarke)",,19.0,,,2908,26.0,,S
548.0,,2.0,,male,,,0.0,SC/PARIS 2146,13.8625,,C
549.0,0.0,3.0,,male,33.0,1.0,1.0,363291,20.525,,
550.0,,2.0,"Davies, Master. John Morgan Jr",male,,1.0,1.0,C.A. 33112,,,S
551.0,1.0,1.0,"Thayer, Mr. John Borland Jr",male,17.0,,2.0,17421,110.8833,,C
,0.0,2.0,"Sharp, Mr. Percival James R",male,27.0,0.0,,244358,26.0,,S
553.0,,3.0,,male,,0.0,0.0,330979,7.8292,,Q
554.0,1.0,3.0,"Leeni, Mr. Fahim (""Philip Zenni"")",male,22.0,0.0,0.0,2620,7.225,,C
,1.0,3.0,,female,22.0,0.0,0.0,347085,7.775,,S
556.0,,1.0,"Wright, Mr. George",male,62.0,0.0,,,26.55,,S
,,1.0,,female,48.0,,,11755,39.6,A16,C
558.0,0.0,,"Robbins, Mr. Victor",male,,0.0,0.0,PC 17757,227.525,,C
,1.0,,,,,1.0,1.0,,,E67,S
560.0,,3.0,"de Messemaeker, Mrs. Guillaume Joseph (Emma)",,36.0,1.0,0.0,345572,17.4,,
561.0,,,,male,,0.0,,372622,7.75,,Q
562.0,,3.0,"Sivic, Mr. Husein",male,40.0,0.0,0.0,349251,,,S
563.0,0.0,2.0,"Norman, Mr. Robert Douglas",male,28.0,0.0,0.0,218629,,,
,0.0,,"Simmons, Mr. John",,,0.0,0.0,SOTON/OQ 392082,8.05,,S
565.0,0.0,3.0,,female,,0.0,0.0,,8.05,,S
,,3.0,"Davies, Mr. Alfred J",male,24.0,,0.0,,,,S
567.0,0.0,3.0,"Stoytcheff, Mr. Ilia",male,,0.0,,349205,,,S
,0.0,3.0,"Palsson, Mrs. Nils (Alma Cornelia Berglund)",female,29.0,0.0,,,21.075,,S
,0.0,3.0,,male,,0.0,0.0,2686,7.2292,,C
,1.0,3.0,"Jonsson, Mr. Carl",male,32.0,0.0,0.0,,,,S
571.0,1.0,2.0,,male,62.0,,0.0,S.W./PP 752,10.5,,S
572.0,1.0,1.0,"Appleton, Mrs. Edward Dale (Charlotte Lamson)",female,53.0,2.0,0.0,11769,51.4792,C101,S
573.0,1.0,1.0,"Flynn, Mr. John Irwin (""Irving"")",male,36.0,0.0,0.0,PC 17474,26.3875,E25,S
,1.0,3.0,"Kelly, Miss. Mary",female,,0.0,,,,,Q
575.0,0.0,3.0,,,16.0,0.0,0.0,,8.05,,S
576.0,0.0,3.0,"Patchett, Mr. George",male,19.0,,,358585,14.5,,S
577.0,1.0,2.0,"Garside, Miss. Ethel",female,34.0,0.0,0.0,243880,13.0,,
,1.0,1.0,"Silvey, Mrs. William Baird (Alice Munger)",female,,1.0,,13507,55.9,E44,S
579.0,,3.0,"Caram, Mrs. Joseph (Maria Elias)",female,,1.0,0.0,2689,,,C
580.0,1.0,3.0,"Jussila, Mr. Eiriik",male,32.0,,0.0,STON/O 2. 3101286,7.925,,S
581.0,,2.0,"Christy, Miss. Julie Rachel",female,25.0,1.0,1.0,237789,30.0,,S
582.0,1.0,,"Thayer, Mrs. John Borland (Marian Longstreth Morris)",female,39.0,,1.0,17421,110.8833,C68,C
583.0,0.0,,"Downton, Mr. William James",male,,0.0,0.0,28403,26.0,,
584.0,,1.0,"Ross, Mr. John Hugo",male,36.0,0.0,0.0,13049,40.125,A10,C
,,3.0,"Paulner, Mr. Uscher",male,,,0.0,3411,8.7125,,
,1.0,1.0,"Taussig, Miss. Ruth",female,18.0,0.0,2.0,110413,,E68,S
587.0,0.0,,"Jarvis, Mr. John Denzil",male,47.0,0.0,,237565,15.0,,
588.0,1.0,,"Frolicher-Stehli, Mr. Maxmillian",,,1.0,1.0,,79.2,B41,C
,,3.0,"Gilinski, Mr. Eliezer",male,22.0,0.0,0.0,14973,,,S
590.0,0.0,3.0,"Murdlin, Mr. Joseph",male,,,0.0,,8.05,,S
,0.0,3.0,"Rintamaki, Mr. Matti",male,35.0,0.0,,STON/O 2. 3101273,7.125,,S
592.0,1.0,1.0,"Stephenson, Mrs. Walter Bertram (Martha Eustis)",female,52.0,1.0,0.0,36947,78.2667,,C
593.0,,3.0,,,,,0.0,A/5 3902,7.25,,
594.0,0.0,3.0,"Bourke, Miss. Mary",female,,0.0,,,,,
595.0,0.0,2.0,"Chapman, Mr. John Henry",male,37.0,1.0,0.0,,26.0,,S
596.0,0.0,3.0,"Van Impe, Mr. Jean Baptiste",male,36.0,1.0,1.0,,24.15,,S
597.0,,2.0,"Leitch, Miss. Jessie Wills",female,,0.0,0.0,,33.0,,S
,0.0,3.0,"Johnson, Mr. Alfred",,,0.0,,,0.0,,S
,0.0,3.0,"Boulos, Mr. Hanna",,,,0.0,2664,7.225,,C
600.0,1.0,,"Duff Gordon, Sir. Cosmo Edmund (""Mr Morgan"")",male,49.0,1.0,0.0,PC 17485,,A20,C
601.0,1.0,2.0,,female,24.0,2.0,1.0,243847,27.0,,
602.0,0.0,3.0,"Slabenoff, Mr. Petco",male,,0.0,,349214,,,S
603.0,,1.0,"Harrington, Mr. Charles H",male,,0.0,,,42.4,,S
604.0,,3.0,,male,44.0,0.0,,364511,8.05,,S
605.0,1.0,1.0,"Homer, Mr. Harry (""Mr E Haven"")",male,35.0,0.0,,111426,26.55,,
606.0,0.0,3.0,,male,36.0,,0.0,349910,15.55,,S
,0.0,3.0,"Karaic, Mr. Milan",male,30.0,0.0,0.0,349246,7.8958,,S
608.0,1.0,1.0,"Daniel, Mr. Robert Williams",,27.0,0.0,0.0,113804,30.5,,S
,1.0,2.0,"Laroche, Mrs. Joseph (Juliette Marie Louise Lafargue)",female,22.0,1.0,2.0,SC/Paris 2123,41.5792,,
610.0,1.0,1.0,"Shutes, Miss. Elizabeth W",female,40.0,0.0,0.0,,153.4625,C125,S
611.0,0.0,3.0,"Andersson, Mrs. Anders Johan (Alfrida Konstantia Brogren)",,39.0,1.0,5.0,,31.275,,
612.0,0.0,3.0,"Jardin, Mr. Jose Neto",male,,0.0,0.0,SOTON/O.Q. 3101305,7.05,,S
,1.0,3.0,"Murphy, Miss. Margaret Jane",,,,,367230,15.5,,Q
,0.0,3.0,"Horgan, Mr. John",,,0.0,,,7.75,,Q
615.0,0.0,3.0,"Brocklebank, Mr. William Alfred",,35.0,0.0,0.0,364512,8.05,,
,1.0,2.0,"Herman, Miss. Alice",female,24.0,1.0,2.0,,,,S
617.0,0.0,3.0,"Danbom, Mr. Ernst Gilbert",male,,1.0,1.0,,14.4,,S
618.0,0.0,3.0,"Lobb, Mrs. William Arthur (Cordelia K Stanlick)",,26.0,1.0,0.0,A/5. 3336,16.1,,S
,1.0,2.0,,female,4.0,2.0,1.0,230136,39.0,F4,
620.0,,2.0,"Gavey, Mr. Lawrence",,26.0,,,31028,10.5,,S
,0.0,3.0,"Yasbeck, Mr. Antoni",male,27.0,1.0,0.0,2659,14.4542,,C
622.0,1.0,1.0,"Kimball, Mr. Edwin Nelson Jr",male,42.0,1.0,0.0,11753,,D19,
623.0,,,"Nakid, Mr. Sahid",male,20.0,1.0,1.0,2653,15.7417,,C
624.0,0.0,3.0,"Hansen, Mr. Henry Damsgaard",male,21.0,0.0,0.0,350029,7.8542,,
625.0,0.0,3.0,"Bowen, Mr. David John ""Dai""",male,21.0,0.0,0.0,54636,16.1,,S
626.0,0.0,,"Sutton, Mr. Frederick",male,61.0,0.0,0.0,36963,32.3208,D50,S
627.0,0.0,2.0,"Kirkland, Rev. Charles Leonard",male,57.0,0.0,0.0,219533,12.35,,Q
628.0,1.0,,"Longley, Miss. Gretchen Fiske",,,,0.0,13502,77.9583,,S
,,3.0,"Bostandyeff, Mr. Guentcho",male,26.0,0.0,0.0,349224,,,S
630.0,0.0,3.0,,male,,0.0,0.0,334912,7.7333,,Q
631.0,1.0,1.0,"Barkworth, Mr. Algernon Henry Wilson",male,,0.0,0.0,27042,30.0,A23,S
632.0,0.0,3.0,"Lundahl, Mr. Johan Svensson",male,51.0,0.0,0.0,347743,7.0542,,S
633.0,,1.0,"Stahelin-Maeglin, Dr. Max",male,32.0,0.0,,,30.5,B50,C
,0.0,,"Parr, Mr. William Henry Marsh",male,,0.0,0.0,112052,,,S
635.0,0.0,3.0,"Skoog, Miss. Mabel",female,9.0,3.0,2.0,347088,27.9,,
636.0,1.0,2.0,"Davis, Miss. Mary",female,,,0.0,237668,13.0,,S
637.0,0.0,3.0,"Leinonen, Mr. Antti Gustaf",male,,0.0,0.0,STON/O 2. 3101292,7.925,,
638.0,0.0,2.0,"Collyer, Mr. Harvey",male,31.0,,,C.A. 31921,,,S
639.0,0.0,3.0,"Panula, Mrs. Juha (Maria Emilia Ojala)",female,41.0,0.0,5.0,3101295,39.6875,,S
640.0,0.0,3.0,"Thorneycroft, Mr. Percival",,,1.0,0.0,376564,,,
641.0,0.0,3.0,"Jensen, Mr. Hans Peder",male,20.0,0.0,,350050,7.8542,,S
642.0,1.0,1.0,"Sagesser, Mlle. Emma",female,24.0,0.0,,PC 17477,69.3,B35,C
643.0,0.0,3.0,,,2.0,3.0,2.0,,27.9,,S
,1.0,3.0,"Foo, Mr. Choong",male,,0.0,,,,,
,1.0,3.0,"Baclini, Miss. Eugenie",female,0.75,,,2666,19.2583,,C
646.0,1.0,1.0,"Harper, Mr. Henry Sleeper",male,48.0,,0.0,PC 17572,,D33,C
647.0,0.0,3.0,"Cor, Mr. Liudevit",male,19.0,,0.0,349231,7.8958,,S
648.0,1.0,1.0,"Simonius-Blumer, Col. Oberst Alfons",male,56.0,0.0,,13213,35.5,A26,
649.0,0.0,,"Willey, Mr. Edward",male,,0.0,,,7.55,,S
650.0,1.0,,"Stanley, Miss. Amy Zillah Elsie",female,23.0,0.0,0.0,CA. 2314,,,S
651.0,0.0,3.0,"Mitkoff, Mr. Mito",male,,0.0,0.0,,7.8958,,
652.0,1.0,2.0,"Doling, Miss. Elsie",female,18.0,0.0,1.0,,23.0,,S
653.0,,3.0,"Kalvik, Mr. Johannes Halvorsen",male,21.0,,0.0,8475,,,S
,1.0,3.0,,female,,0.0,0.0,,7.8292,,Q
655.0,0.0,3.0,"Hegarty, Miss. Hanora ""Nora""",female,18.0,,0.0,365226,,,
,,2.0,"Hickman, Mr. Leonard Mark",male,24.0,2.0,0.0,,73.5,,S
657.0,,,"Radeff, Mr. Alexander",male,,0.0,0.0,349223,7.8958,,S
658.0,0.0,3.0,,female,32.0,1.0,1.0,364849,15.5,,Q
659.0,0.0,2.0,"Eitemiller, Mr. George Floyd",male,23.0,,0.0,29751,13.0,,S
,,1.0,"Newell, Mr. Arthur Webster",male,58.0,0.0,2.0,35273,113.275,D48,C
661.0,1.0,,"Frauenthal, Dr. Henry William",male,50.0,2.0,0.0,PC 17611,133.65,,S
662.0,0.0,3.0,"Badt, Mr. Mohamed",male,,0.0,0.0,2623,7.225,,C
663.0,,1.0,"Colley, Mr. Edward Pomeroy",,47.0,0.0,,5727,25.5875,E58,
664.0,0.0,,"Coleff, Mr. Peju",male,36.0,0.0,0.0,349210,7.4958,,S
665.0,1.0,3.0,,male,20.0,1.0,,,7.925,,S
,0.0,,"Hickman, Mr. Lewis",male,,,,S.O.C. 14879,,,S
667.0,0.0,2.0,"Butler, Mr. Reginald Fenton",male,25.0,0.0,0.0,,13.0,,
668.0,0.0,3.0,"Rommetvedt, Mr. Knud Paust",male,,0.0,0.0,312993,7.775,,
669.0,0.0,,"Cook, Mr. Jacob",,,0.0,0.0,A/5 3536,8.05,,S
670.0,1.0,1.0,"Taylor, Mrs. Elmer Zebley (Juliet Cummins Wright)",female,,1.0,0.0,,52.0,C126,S
,1.0,2.0,"Brown, Mrs. Thomas William Solomon (Elizabeth Catherine Ford)",,,1.0,1.0,29750,,,S
672.0,0.0,1.0,"Davidson, Mr. Thornton",male,31.0,1.0,0.0,F.C. 12750,,B71,S
673.0,,2.0,"Mitchell, Mr. Henry Michael",male,,0.0,0.0,C.A. 24580,,,S
674.0,,,,male,,0.0,0.0,244270,13.0,,S
675.0,0.0,,"Watson, Mr. Ennis Hastings",,,,0.0,239856,0.0,,
676.0,,,"Edvardsson, Mr. Gustaf Hjalmar",male,18.0,0.0,,349912,,,S
677.0,0.0,3.0,"Sawyer, Mr. Frederick Charles",male,24.5,0.0,0.0,342826,8.05,,S
678.0,1.0,3.0,"Turja, Miss. Anna Sofia",female,,0.0,0.0,4138,9.8417,,S
679.0,0.0,,"Goodwin, Mrs. Frederick (Augusta Tyler)",female,43.0,,6.0,CA 2144,,,S
,1.0,1.0,"Cardeza, Mr. Thomas Drake Martinez",male,36.0,0.0,1.0,PC 17755,512.3292,B51 B53 B55,
,0.0,3.0,"Peters, Miss. Katie",female,,0.0,0.0,330935,8.1375,,Q
,1.0,,,male,,0.0,0.0,,76.7292,D49,
683.0,0.0,3.0,"Olsvigen, Mr. Thor Anderson",male,20.0,0.0,0.0,6563,,,
684.0,0.0,3.0,"Goodwin, Mr. Charles Edward",,14.0,5.0,2.0,CA 2144,,,S
685.0,0.0,,"Brown, Mr. Thomas William Solomon",male,,1.0,1.0,29750,39.0,,S
686.0,0.0,2.0,"Laroche, Mr. Joseph Philippe Lemercier",,,1.0,2.0,,41.5792,,C
687.0,0.0,3.0,"Panula, Mr. Jaako Arnold",male,,4.0,1.0,3101295,39.6875,,S
,0.0,3.0,"Dakic, Mr. Branko",male,19.0,0.0,,,10.1708,,S
689.0,0.0,3.0,"Fischer, Mr. Eberhard Thelander",male,,0.0,0.0,350036,7.7958,,
690.0,1.0,1.0,"Madill, Miss. Georgette Alexandra",female,15.0,,,,,B5,S
,,1.0,"Dick, Mr. Albert Adrian",male,,1.0,,,,,S
692.0,1.0,3.0,"Karun, Miss. Manca",female,4.0,0.0,1.0,,13.4167,,C
693.0,1.0,3.0,"Lam, Mr. Ali",male,,0.0,,1601,56.4958,,S
,,3.0,"Saad, Mr. Khalil",,25.0,0.0,0.0,2672,,,C
695.0,0.0,1.0,"Weir, Col. John",male,60.0,0.0,0.0,113800,26.55,,S
696.0,0.0,2.0,"Chapman, Mr. Charles Henry",,52.0,0.0,0.0,248731,13.5,,S
697.0,0.0,3.0,"Kelly, Mr. James",male,44.0,0.0,0.0,,8.05,,S
698.0,1.0,3.0,,female,,0.0,0.0,35852,7.7333,,Q
699.0,0.0,1.0,"Thayer, Mr. John Borland",male,49.0,1.0,1.0,17421,110.8833,C68,C
700.0,0.0,3.0,"Humblen, Mr. Adolf Mathias Nicolai Olsen",male,42.0,0.0,0.0,,7.65,F G63,S
701.0,,1.0,"Astor, Mrs. John Jacob (Madeleine Talmadge Force)",female,18.0,,0.0,,,C62 C64,C
702.0,,,"Silverthorne, Mr. Spencer Victor",male,35.0,0.0,,,26.2875,E24,S
703.0,,,"Barbara, Miss. Saiide",female,18.0,,1.0,2691,,,C
704.0,0.0,,"Gallagher, Mr. Martin",male,25.0,0.0,0.0,36864,7.7417,,Q
705.0,,,,male,,,0.0,350025,7.8542,,S
,0.0,2.0,"Morley, Mr. Henry Samuel (""Mr Henry Marshall"")",,39.0,0.0,0.0,250655,26.0,,S
,,2.0,"Kelly, Mrs. Florence ""Fannie""",female,,0.0,0.0,223596,13.5,,
708.0,,1.0,"Calderhead, Mr. Edward Pennington",male,,0.0,,PC 17476,26.2875,E24,S
,1.0,1.0,"Cleaver, Miss. Alice",female,,0.0,0.0,113781,151.55,,S
710.0,1.0,,"Moubarek, Master. Halim Gonios (""William George"")",male,,,1.0,2661,15.2458,,C
,1.0,,"Mayne, Mlle. Berthe Antonine (""Mrs de Villiers"")",female,24.0,0.0,0.0,PC 17482,49.5042,C90,C
712.0,,1.0,"Klaber, Mr. Herman",male,,0.0,0.0,113028,26.55,C124,
,1.0,1.0,"Taylor, Mr. Elmer Zebley",male,48.0,1.0,,19996,52.0,C126,S
714.0,0.0,,"Larsson, Mr. August Viktor",male,29.0,0.0,0.0,7545,9.4833,,S
,0.0,2.0,"Greenberg, Mr. Samuel",male,52.0,0.0,0.0,250647,13.0,,S
716.0,0.0,3.0,"Soholt, Mr. Peter Andreas Lauritz Andersen",male,19.0,0.0,0.0,348124,7.65,F G73,S
717.0,1.0,1.0,"Endres, Miss. Caroline Louise",,,0.0,0.0,,227.525,C45,C
718.0,1.0,2.0,"Troutt, Miss. Edwina Celia ""Winnie""",female,27.0,0.0,0.0,,10.5,,S
719.0,0.0,3.0,"McEvoy, Mr. Michael",male,,,0.0,36568,,,
720.0,,3.0,"Johnson, Mr. Malkolm Joackim",,33.0,0.0,,,7.775,,S
,1.0,2.0,,,6.0,0.0,1.0,248727,33.0,,
722.0,,3.0,,male,17.0,1.0,,,,,S
723.0,0.0,,"Gillespie, Mr. William Henry",,,0.0,0.0,12233,13.0,,S
724.0,0.0,2.0,"Hodges, Mr. Henry Price",male,50.0,0.0,0.0,250643,,,S
725.0,1.0,1.0,"Chambers, Mr. Norman Campbell",,27.0,1.0,,113806,,,S
,0.0,,"Oreskovic, Mr. Luka",male,20.0,0.0,0.0,315094,8.6625,,
727.0,1.0,2.0,,female,30.0,,,31027,,,
728.0,1.0,3.0,,female,,0.0,0.0,36866,7.7375,,Q
,0.0,2.0,"Bryhl, Mr. Kurt Arnold Gottfrid",,25.0,1.0,0.0,236853,26.0,,
730.0,0.0,3.0,"Ilmakangas, Miss. Pieta Sofia",female,,1.0,,STON/O2. 3101271,7.925,,S
731.0,1.0,1.0,"Allen, Miss. Elisabeth Walton",female,29.0,0.0,0.0,24160,211.3375,,S
732.0,,3.0,"Hassan, Mr. Houssein G N",male,11.0,0.0,0.0,2699,18.7875,,C
,0.0,2.0,"Knight, Mr. Robert J",male,,0.0,0.0,239855,0.0,,S
734.0,0.0,,"Berriman, Mr. William John",male,,0.0,,28425,,,S
735.0,0.0,2.0,,male,23.0,0.0,0.0,233639,,,S
736.0,0.0,3.0,"Williams, Mr. Leslie",male,28.5,0.0,0.0,54636,16.1,,S
737.0,0.0,3.0,"Ford, Mrs. Edward (Margaret Ann Watson)",female,48.0,1.0,3.0,W./C. 6608,34.375,,S
738.0,1.0,1.0,"Lesurer, Mr. Gustave J",,35.0,0.0,,PC 17755,512.3292,B101,C
739.0,0.0,3.0,"Ivanoff, Mr. Kanio",male,,,0.0,349201,7.8958,,
740.0,0.0,3.0,"Nankoff, Mr. Minko",male,,0.0,0.0,349218,,,
741.0,1.0,1.0,"Hawksford, Mr. Walter James",male,,0.0,0.0,16988,30.0,D45,S
742.0,0.0,1.0,"Cavendish, Mr. Tyrell William",,36.0,1.0,0.0,,78.85,C46,S
743.0,,1.0,"Ryerson, Miss. Susan Parker ""Suzette""",female,21.0,,2.0,PC 17608,,B57 B59 B63 B66,C
,0.0,3.0,"McNamee, Mr. Neal",male,24.0,,0.0,376566,16.1,,S
745.0,1.0,3.0,,male,31.0,0.0,0.0,STON/O 2. 3101288,7.925,,S
,,,"Crosby, Capt. Edward Gifford",male,70.0,1.0,,WE/P 5735,71.0,B22,S
,0.0,3.0,"Abbott, Mr. Rossmore Edward",male,16.0,,1.0,C.A. 2673,20.25,,S
748.0,1.0,2.0,,female,,0.0,0.0,250648,,,S
749.0,,1.0,"Marvin, Mr. Daniel Warner",male,19.0,1.0,0.0,113773,,,S
750.0,0.0,3.0,"Connaghton, Mr. Michael",male,31.0,0.0,0.0,335097,7.75,,Q
751.0,,2.0,"Wells, Miss. Joan",female,4.0,1.0,1.0,29103,23.0,,S
,1.0,3.0,,,6.0,0.0,,392096,12.475,,S
753.0,0.0,3.0,,male,,0.0,,345780,9.5,,S
754.0,0.0,,,male,23.0,,,349204,7.8958,,S
755.0,1.0,2.0,,female,48.0,1.0,2.0,,65.0,,S
756.0,1.0,2.0,"Hamalainen, Master. Viljo",male,0.67,1.0,1.0,250649,14.5,,S
757.0,0.0,3.0,"Carlsson, Mr. August Sigfrid",male,,,,350042,7.7958,,
758.0,0.0,2.0,"Bailey, Mr. Percy Andrew",male,18.0,0.0,0.0,29108,11.5,,S
759.0,0.0,,"Theobald, Mr. Thomas Leonard",,34.0,,0.0,363294,8.05,,S
760.0,1.0,1.0,"Rothes, the Countess. of (Lucy Noel Martha Dyer-Edwards)",,33.0,0.0,0.0,110152,86.5,B77,
761.0,0.0,3.0,,male,,0.0,0.0,358585,14.5,,S
762.0,,3.0,"Nirva, Mr. Iisakki Antino Aijo",male,41.0,0.0,0.0,SOTON/O2 3101272,7.125,,
763.0,1.0,3.0,"Barah, Mr. Hanna Assi",male,20.0,0.0,,2663,7.2292,,C
764.0,,1.0,"Carter, Mrs. William Ernest (Lucile Polk)",female,,1.0,2.0,,,B96 B98,
,0.0,,,male,16.0,0.0,0.0,347074,7.775,,S
766.0,1.0,1.0,"Hogeboom, Mrs. John C (Anna Andrews)",female,51.0,1.0,,13502,,D11,S
767.0,0.0,1.0,,male,,,0.0,112379,,,C
,0.0,3.0,,female,30.5,0.0,0.0,,,,Q
,0.0,3.0,"Moran, Mr. Daniel J",male,,1.0,0.0,371110,,,Q
770.0,0.0,3.0,,male,,0.0,0.0,,8.3625,,S
771.0,0.0,3.0,"Lievens, Mr. Rene Aime",male,24.0,0.0,0.0,345781,9.5,,S
772.0,0.0,3.0,,male,,,0.0,350047,7.8542,,S
773.0,0.0,2.0,"Mack, Mrs. (Mary)",female,,0.0,0.0,,,E77,S
774.0,0.0,3.0,"Elias, Mr. Dibo",male,,0.0,,2674,7.225,,C
775.0,1.0,,"Hocking, Mrs. Elizabeth (Eliza Needs)",female,54.0,1.0,3.0,29105,23.0,,S
776.0,0.0,3.0,"Myhrman, Mr. Pehr Fabian Oliver Malkolm",,,,0.0,347078,7.75,,
777.0,0.0,3.0,"Tobin, Mr. Roger",male,,0.0,,383121,7.75,F38,Q
,1.0,3.0,,female,,0.0,0.0,364516,12.475,,S
779.0,0.0,3.0,"Kilgannon, Mr. Thomas J",male,,0.0,,36865,7.7375,,Q
780.0,1.0,,"Robert, Mrs. Edward Scott (Elisabeth Walton McMillan)",female,43.0,0.0,,24160,211.3375,B3,S
781.0,1.0,,"Ayoub, Miss. Banoura",,,0.0,0.0,2687,7.2292,,C
,1.0,1.0,"Dick, Mrs. Albert Adrian (Vera Gillespie)",female,17.0,1.0,,17474,57.0,B20,S
783.0,0.0,,"Long, Mr. Milton Clyde",male,29.0,0.0,0.0,113501,30.0,D6,S
784.0,0.0,3.0,"Johnston, Mr. Andrew G",male,,1.0,2.0,W./C. 6607,23.45,,S
,0.0,,"Ali, Mr. William",male,25.0,0.0,,SOTON/O.Q. 3101312,7.05,,S
786.0,0.0,3.0,"Harmer, Mr. Abraham (David Lishin)",male,25.0,0.0,,374887,7.25,,S
787.0,,3.0,"Sjoblom, Miss. Anna Sofia",,18.0,0.0,,3101265,,,S
788.0,0.0,3.0,"Rice, Master. George Hugh",male,8.0,4.0,1.0,,29.125,,
,1.0,3.0,"Dean, Master. Bertram Vere",,1.0,1.0,2.0,C.A. 2315,20.575,,S
790.0,0.0,1.0,"Guggenheim, Mr. Benjamin",,46.0,0.0,0.0,PC 17593,79.2,B82 B84,C
791.0,,,"Keane, Mr. Andrew ""Andy""",male,,0.0,,12460,7.75,,Q
,0.0,2.0,,male,16.0,,0.0,239865,26.0,,S
793.0,,3.0,"Sage, Miss. Stella Anna",,,8.0,,CA. 2343,,,S
794.0,0.0,1.0,"Hoyt, Mr. William Fisher",male,,0.0,,PC 17600,30.6958,,
795.0,,3.0,"Dantcheff, Mr. Ristiu",male,25.0,0.0,0.0,,7.8958,,S
796.0,0.0,2.0,"Otter, Mr. Richard",male,,,0.0,,13.0,,S
797.0,1.0,,"Leader, Dr. Alice (Farnham)",female,,,0.0,17465,25.9292,D17,S
798.0,1.0,,,,31.0,0.0,0.0,,8.6833,,S
799.0,,3.0,"Ibrahim Shawah, Mr. Yousseff",,30.0,0.0,0.0,,7.2292,,
,0.0,3.0,,female,30.0,,1.0,345773,,,
801.0,0.0,2.0,"Ponesell, Mr. Martin",male,34.0,0.0,0.0,250647,13.0,,S
802.0,1.0,2.0,"Collyer, Mrs. Harvey (Charlotte Annie Tate)",female,,1.0,1.0,C.A. 31921,26.25,,
803.0,,1.0,"Carter, Master. William Thornton II",,11.0,,2.0,113760,120.0,B96 B98,S
804.0,1.0,3.0,,male,0.42,0.0,1.0,2625,,,C
805.0,1.0,,"Hedman, Mr. Oskar Arvid",male,27.0,,0.0,347089,6.975,,S
806.0,0.0,3.0,"Johansson, Mr. Karl Johan",male,31.0,0.0,0.0,347063,,,
,0.0,,,male,,,0.0,,0.0,A36,S
808.0,0.0,3.0,"Pettersson, Miss. Ellen Natalia",female,18.0,0.0,0.0,347087,7.775,,S
809.0,0.0,2.0,"Meyer, Mr. August",,,0.0,0.0,,,,S
810.0,1.0,1.0,"Chambers, Mrs. Norman Campbell (Bertha Griggs)",female,33.0,1.0,0.0,113806,53.1,,
811.0,,3.0,,,,0.0,0.0,3474,7.8875,,S
,0.0,,"Lester, Mr. James",,39.0,0.0,,A/4 48871,24.15,,
813.0,0.0,2.0,"Slemen, Mr. Richard James",male,35.0,0.0,0.0,28206,,,S
814.0,0.0,3.0,"Andersson, Miss. Ebba Iris Alfrida",female,,,2.0,,31.275,,S
815.0,,3.0,"Tomlin, Mr. Ernest Portage",,30.5,,0.0,364499,,,S
816.0,0.0,1.0,"Fry, Mr. Richard",male,,0.0,0.0,112058,,B102,S
817.0,0.0,,"Heininen, Miss. Wendla Maria",female,23.0,0.0,0.0,,7.925,,S
818.0,0.0,2.0,,male,31.0,1.0,,,37.0042,,C
819.0,,3.0,,,43.0,0.0,0.0,C 7075,6.45,,
820.0,,,,male,10.0,,2.0,347088,27.9,,S
821.0,,1.0,"Hays, Mrs. Charles Melville (Clara Jennings Gregg)",female,52.0,1.0,1.0,12749,93.5,B69,
822.0,1.0,,"Lulic, Mr. Nikola",male,27.0,0.0,0.0,,8.6625,,S
823.0,0.0,1.0,"Reuchlin, Jonkheer. John George",male,38.0,,0.0,19972,0.0,,S
824.0,1.0,3.0,"Moor, Mrs. (Beila)",female,27.0,0.0,1.0,392096,12.475,E121,
825.0,,3.0,"Panula, Master. Urho Abraham",male,,,1.0,3101295,39.6875,,S
826.0,0.0,,"Flynn, Mr. John",male,,0.0,0.0,368323,6.95,,
827.0,,,"Lam, Mr. Len",male,,,0.0,1601,56.4958,,S
828.0,1.0,,"Mallet, Master. Andre",,1.0,0.0,,S.C./PARIS 2079,37.0042,,C
,1.0,3.0,"McCormack, Mr. Thomas Joseph",male,,0.0,0.0,367228,,,Q
830.0,1.0,1.0,"Stone, Mrs. George Nelson (Martha Evelyn)",female,62.0,0.0,0.0,,,,
831.0,1.0,3.0,"Yasbeck, Mrs. Antoni (Selini Alexander)",,15.0,,0.0,2659,14.4542,,
832.0,1.0,2.0,,male,0.83,,1.0,29106,,,S
833.0,0.0,3.0,"Saad, Mr. Amin",male,,0.0,0.0,2671,7.2292,,
834.0,0.0,,"Augustsson, Mr. Albert",male,23.0,0.0,,347468,7.8542,,
835.0,,3.0,,male,18.0,0.0,0.0,,,,S
836.0,1.0,1.0,"Compton, Miss. Sara Rebecca",female,,1.0,1.0,PC 17756,83.1583,E49,C
,,3.0,"Pasic, Mr. Jakob",male,21.0,0.0,0.0,315097,,,S
838.0,0.0,3.0,"Sirota, Mr. Maurice",male,,0.0,,,8.05,,S
839.0,1.0,3.0,"Chip, Mr. Chang",male,,0.0,0.0,,56.4958,,S
840.0,1.0,,"Marechal, Mr. Pierre",,,0.0,0.0,,29.7,C47,C
841.0,0.0,,"Alhomaki, Mr. Ilmari Rudolf",male,20.0,,0.0,SOTON/O2 3101287,,,S
842.0,,2.0,"Mudd, Mr. Thomas Charles",,16.0,0.0,,S.O./P.P. 3,10.5,,S
843.0,,1.0,"Serepeca, Miss. Augusta",,30.0,0.0,0.0,113798,31.0,,C
844.0,0.0,3.0,"Lemberopolous, Mr. Peter L",male,34.5,0.0,0.0,2683,6.4375,,
845.0,0.0,,"Culumovic, Mr. Jeso",,,0.0,0.0,315090,,,S
846.0,0.0,3.0,"Abbing, Mr. Anthony",male,42.0,0.0,0.0,,7.55,,S
,0.0,3.0,,,,8.0,2.0,CA. 2343,69.55,,
848.0,0.0,3.0,"Markoff, Mr. Marin",male,35.0,0.0,0.0,349213,,,C
849.0,0.0,2.0,"Harper, Rev. John",male,28.0,0.0,1.0,248727,33.0,,S
,1.0,1.0,"Goldenberg, Mrs. Samuel L (Edwiga Grabowska)",female,,1.0,0.0,17453,89.1042,C92,C
851.0,,,,,4.0,,2.0,,31.275,,S
852.0,,,"Svensson, Mr. Johan",male,74.0,0.0,0.0,,7.775,,
853.0,0.0,3.0,,female,9.0,1.0,1.0,2678,,,C
,1.0,,,female,16.0,,1.0,PC 17592,39.4,D28,
855.0,,2.0,,,44.0,1.0,0.0,244252,26.0,,
856.0,1.0,3.0,"Aks, Mrs. Sam (Leah Rosen)",female,18.0,0.0,1.0,,9.35,,S
,,1.0,"Wick, Mrs. George Dennick (Mary Hitchcock)",female,45.0,1.0,1.0,36928,,,
,1.0,1.0,"Daly, Mr. Peter Denis ",male,,0.0,,113055,26.55,E17,S
,1.0,,"Baclini, Mrs. Solomon (Latifa Qurban)",female,,0.0,,2666,19.2583,,
860.0,0.0,,,male,,,,2629,7.2292,,
,0.0,3.0,"Hansen, Mr. Claus Peter",male,41.0,2.0,0.0,350026,,,S
,0.0,2.0,"Giles, Mr. Frederick Edward",male,21.0,1.0,0.0,28134,11.5,,
863.0,,,"Swift, Mrs. Frederick Joel (Margaret Welles Barron)",female,,0.0,0.0,17466,,,
,0.0,,"Sage, Miss. Dorothy Edith ""Dolly""",,,8.0,2.0,CA. 2343,69.55,,
865.0,,,"Gill, Mr. John William",male,24.0,0.0,0.0,,13.0,,S
866.0,1.0,2.0,"Bystrom, Mrs. (Karolina)",female,42.0,0.0,0.0,236852,13.0,,S
867.0,1.0,2.0,"Duran y More, Miss. Asuncion",female,27.0,1.0,,,13.8583,,C
868.0,0.0,1.0,,male,31.0,0.0,,PC 17590,50.4958,A24,S
869.0,0.0,3.0,"van Melkebeke, Mr. Philemon",male,,,,345777,9.5,,S
870.0,,,"Johnson, Master. Harold Theodor",male,4.0,,1.0,,11.1333,,S
871.0,0.0,3.0,"Balkic, Mr. Cerin",,26.0,0.0,0.0,,,,S
872.0,1.0,1.0,"Beckwith, Mrs. Richard Leonard (Sallie Monypeny)",female,47.0,1.0,1.0,11751,52.5542,,S
,0.0,1.0,"Carlsson, Mr. Frans Olof",male,33.0,0.0,0.0,695,5.0,B51 B53 B55,
874.0,0.0,3.0,"Vander Cruyssen, Mr. Victor",male,47.0,0.0,0.0,345765,9.0,,S
875.0,1.0,2.0,"Abelson, Mrs. Samuel (Hannah Wizosky)",female,28.0,1.0,0.0,P/PP 3381,,,C
876.0,,3.0,"Najib, Miss. Adele Kiamie ""Jane""",,15.0,0.0,0.0,2667,7.225,,
877.0,0.0,3.0,"Gustafsson, Mr. Alfred Ossian",male,20.0,0.0,0.0,7534,9.8458,,S
,0.0,3.0,"Petroff, Mr. Nedelio",male,19.0,0.0,,349212,,,S
879.0,0.0,3.0,"Laleff, Mr. Kristo",,,0.0,0.0,349217,7.8958,,S
880.0,1.0,1.0,"Potter, Mrs. Thomas Jr (Lily Alexenia Wilson)",female,56.0,0.0,1.0,11767,83.1583,C50,
881.0,1.0,,,female,25.0,0.0,1.0,230433,26.0,,S
882.0,0.0,3.0,"Markun, Mr. Johann",male,33.0,0.0,0.0,,7.8958,,S
,0.0,3.0,"Dahlberg, Miss. Gerda Ulrika",female,,0.0,0.0,7552,,,
884.0,0.0,2.0,,male,,0.0,0.0,C.A./SOTON 34068,10.5,,S
885.0,0.0,,"Sutehall, Mr. Henry Jr",male,,0.0,0.0,SOTON/OQ 392076,7.05,,S
886.0,0.0,3.0,"Rice, Mrs. William (Margaret Norton)",female,39.0,0.0,5.0,382652,29.125,,Q
887.0,,,"Montvila, Rev. Juozas",male,27.0,0.0,,211536,13.0,,
888.0,1.0,1.0,"Graham, Miss. Margaret Edith",,,0.0,0.0,112053,30.0,B42,
,0.0,,"Johnston, Miss. Catherine Helen ""Carrie""",,,1.0,2.0,W./C. 6607,23.45,,S
890.0,1.0,1.0,"Behr, Mr. Karl Howell",male,26.0,0.0,,111369,,C148,C
891.0,0.0,3.0,,male,32.0,0.0,0.0,370376,7.75,,Q
